index,Source,Target
0,吴京 Jing Wu,战狼2
1,吴京 Jing Wu,战狼2
2,弗兰克·格里罗 Frank Anthony Grillo,战狼2
3,卢靖姗 Celina Jade,战狼2
4,吴刚 Gang Wu,战狼2
5,张翰 Han Zhang,战狼2
6,丁海峰 Haifeng Ding,战狼2
7,淳于珊珊 Shanshan Chunyu,战狼2
8,余男 Nan Yu,战狼2
9,于谦 Qian Yu,战狼2
10,石兆琪 Zhaoqi Shi,战狼2
11,狄安娜·希拉 Diana Sylla,战狼2
12,高明 Ming Gao,战狼2
13,杜建桥 Jianqiao Du,战狼2
14,郭秋成 Qiucheng Guo,战狼2
15,苇青 Wei Qing,战狼2
16,程愫 Su Cheng,战狼2
17,孙率航 Shuaihang Sun,战狼2
18,张馨月 Xinyue Zhang,战狼2
19,王森 Wilson,战狼2
20,庄小龙 Xiao long Zhuang,战狼2
21,张永达 Yongda Zhang,战狼2
0,林超贤 Dante Lam,红海行动
1,张译 Yi Zhang,红海行动
2,黄景瑜 Johnny Huang,红海行动
3,海清 Christina Hai,红海行动
4,杜江 Jiang Du,红海行动
5,蒋璐霞 Luxia Jiang,红海行动
6,尹昉 Fang Yin,红海行动
7,王强 Qiang Wang,红海行动
8,王雨甜 Yutian Wang,红海行动
9,郭家豪 Guo Jiahao,红海行动
10,麦亨利 Henry Prince Mak,红海行动
11,张涵予 Hanyu Zhang,红海行动
0,陈思诚 Sicheng Chen,唐人街探案2
1,王宝强 Baoqiang Wang,唐人街探案2
2,刘昊然 Haoran Liu,唐人街探案2
3,肖央 Shawn,唐人街探案2
4,刘承羽 Natasha Liu Bordizzo,唐人街探案2
5,尚语贤 Yuxian Shang,唐人街探案2
6,王迅 Xun Wang,唐人街探案2
7,妻夫木聪 Satoshi Tsumabuki,唐人街探案2
8,迈克尔·皮特 Michael Pitt,唐人街探案2
9,元华 Wah Yuen,唐人街探案2
10,杨金赐 Jinci Yang,唐人街探案2
11,范湉湉 Tiantian Fan,唐人街探案2
12,佟丽娅 Liya Tong,唐人街探案2
13,陈思诚 Sicheng Chen,唐人街探案2
0,周星驰 Stephen Chow,美人鱼
1,邓超 Chao Deng,美人鱼
2,林允 Jelly Lin,美人鱼
3,张雨绮 Kitty Zhang,美人鱼
4,罗志祥 Show Lo,美人鱼
5,吴亦凡 Kris Wu,美人鱼
6,文章 Zhang Wen,美人鱼
7,白客 Baike,美人鱼
8,孔连顺 Lianshun Kong,美人鱼
9,李尚正 Shangzheng Li,美人鱼
10,张美娥 Meie Zhang,美人鱼
11,杨能 Neng Yang,美人鱼
12,卢正雨 Zhengyu Lu,美人鱼
13,徐克 Hark Tsui,美人鱼
14,郑冀峰 Jifeng Zheng,美人鱼
15,林子聪 Chi Chung Lam,美人鱼
16,田启文 Kai Man Tin,美人鱼
17,钱国伟 Guowei Qian,美人鱼
18,松冈李那 Linah,美人鱼
19,徐轸轸 Zhenzhen Xu,美人鱼
20,夏尉喻 Barbie,美人鱼
21,科蒂克·艾文 Kotik Lvan,美人鱼
22,范淑珍 Shuzhen Fan,美人鱼
23,皮埃尔·布迪厄 Prerre Bourdaud,美人鱼
24,李叶青 Yeqing Li,美人鱼
25,赵志凌 Chiu Chi Ling,美人鱼
26,孙嘉灵 Jialing Sun,美人鱼
27,徐雅婷 Yating Xu,美人鱼
28,赵靖伊 Jingyi Zhao,美人鱼
29,付骏福 Junfu Fu,美人鱼
30,虞嘉娜 Jiana Yu,美人鱼
31,宁小花 Xiaohua Ning,美人鱼
32,易志乐 Zhile Yi,美人鱼
33,孙乐天 Letian Sun,美人鱼
34,谭俊彦 Shaun Tam,美人鱼
35,谢依萌 Yimeng Xie,美人鱼
36,火火 Ka Wing Lee,美人鱼
37,八两金 Bobby Yip,美人鱼
38,李菁蓓 Jingbei Li,美人鱼
39,李忠强 Chung Keung Lee,美人鱼
40,郭湛深 Zhanshen Guo,美人鱼
41,强尼 Ni Qiang,美人鱼
42,彭美娥 Meie Peng,美人鱼
43,张爱钦 Aiqin Zhang,美人鱼
0,F·加里·格雷 F. Gary Gray,速度与激情8
1,范·迪塞尔 Vin Diesel,速度与激情8
2,道恩·强森 Dwayne Johnson,速度与激情8
3,杰森·斯坦森 Jason Statham,速度与激情8
4,查理兹·塞隆 Charlize Theron,速度与激情8
5,米歇尔·罗德里格兹 Michelle Rodriguez,速度与激情8
6,娜塔莉·艾玛努埃尔 Nathalie Emmanuel,速度与激情8
7,海伦·米伦 Helen Mirren,速度与激情8
8,泰瑞斯·吉布森 Tyrese Gibson,速度与激情8
9,卢达·克里斯 Ludacris,速度与激情8
10,卢卡斯·布莱克 Lucas Black,速度与激情8
11,斯科特·伊斯特伍德 Scott Eastwood,速度与激情8
12,库尔特·拉塞尔 Kurt Russell,速度与激情8
13,达尔科·尼科利茨 Darko Nikolic,速度与激情8
14,埃尔莎·帕塔奇 Elsa Pataky,速度与激情8
15,乔丹娜·布鲁斯特 Jordana Brewster,速度与激情8
16,吉米·登普斯特 Jimmy Dempster,速度与激情8
17,唐·奥马尔 Don Omar,速度与激情8
18,特戈·卡尔德隆 Tego Calderon,速度与激情8
0,许诚毅 Raman Hui,捉妖记
1,白百何 Fay Bai,捉妖记
2,井柏然 Boran Jing,捉妖记
3,姜武 Wu Jiang,捉妖记
4,吴君如 Sandra Ng,捉妖记
5,钟汉良 Wallace Chung,捉妖记
6,曾志伟 Eric Tsang,捉妖记
7,汤唯 Wei Tang,捉妖记
8,姚晨 Chen Yao,捉妖记
9,闫妮 Ni Yan,捉妖记
10,金燕玲 Elaine Jin,捉妖记
11,保剑锋 Jianfeng Bao,捉妖记
12,王栎鑫 Yuexin Wang,捉妖记
13,郭晓东 Xiaodong Guo,捉妖记
14,李菁菁 Jingjing Li,捉妖记
15,田雨橙 Cindy,捉妖记
16,张悦轩 Yuexuan Zhang,捉妖记
0,温子仁 James Wan,速度与激情7
1,范·迪塞尔 Vin Diesel,速度与激情7
2,保罗·沃克 Paul Walker,速度与激情7
3,杰森·斯坦森 Jason Statham,速度与激情7
4,道恩·强森 Dwayne Johnson,速度与激情7
5,米歇尔·罗德里格兹 Michelle Rodriguez,速度与激情7
6,库尔特·拉塞尔 Kurt Russell,速度与激情7
7,卢卡斯·布莱克 Lucas Black,速度与激情7
8,乔丹娜·布鲁斯特 Jordana Brewster,速度与激情7
9,杰曼·翰苏 Djimon Hounsou,速度与激情7
10,托尼·贾 Tony Jaa,速度与激情7
11,泰瑞斯·吉布森 Tyrese Gibson,速度与激情7
12,娜塔莉·艾玛努埃尔 Nathalie Emmanuel,速度与激情7
13,纳塔莉·凯利 Nathalie Kelly,速度与激情7
14,约翰·布罗瑟顿 John Brotherton,速度与激情7
15,卢达·克里斯 Ludacris,速度与激情7
16,隆达·鲁西 Ronda Rousey,速度与激情7
17,阿里·法扎尔 Ali Fazal,速度与激情7
18,约翰·塞纳迭姆博 John Cenatiempo,速度与激情7
19,宝娃 Bow Wow,速度与激情7
20,布里特妮·阿尔杰 Brittney Alger,速度与激情7
21,柯迪·沃克 Cody Walker,速度与激情7
22,本·布兰肯希普 Ben Blankenship,速度与激情7
23,罗伯特·普拉格 Robert Pralgo,速度与激情7
24,布莱恩·马奥尼 Brian Mahoney,速度与激情7
0,安东尼·罗素 Anthony Russo,复仇者联盟3：无限战争
1,乔·罗素 Joe Russo,复仇者联盟3：无限战争
2,小罗伯特·唐尼 Robert Downey Jr.,复仇者联盟3：无限战争
3,乔什·布洛林 Josh Brolin,复仇者联盟3：无限战争
4,本尼迪克特·康伯巴奇 Benedict Cumberbatch,复仇者联盟3：无限战争
5,克里斯·海姆斯沃斯 Chris Hemsworth,复仇者联盟3：无限战争
6,克里斯·埃文斯 Chris Evans,复仇者联盟3：无限战争
7,斯嘉丽·约翰逊 Scarlett Johansson,复仇者联盟3：无限战争
8,汤姆·赫兰德 Tom Holland,复仇者联盟3：无限战争
9,克里斯·帕拉特 Chris Pratt,复仇者联盟3：无限战争
10,塞巴斯蒂安·斯坦 Sebastian Stan,复仇者联盟3：无限战争
11,伊丽莎白·奥尔森 Elizabeth Olsen,复仇者联盟3：无限战争
12,汤姆·希德勒斯顿 Tom Hiddleston,复仇者联盟3：无限战争
13,保罗·贝坦尼 Paul Bettany,复仇者联盟3：无限战争
14,马克·鲁法洛 Mark Ruffalo,复仇者联盟3：无限战争
15,查德维克·博斯曼 Chadwick Boseman,复仇者联盟3：无限战争
16,莱蒂希娅·赖特 Letitia Wright,复仇者联盟3：无限战争
17,佐伊·索尔达娜 Zoe Saldana,复仇者联盟3：无限战争
18,范·迪塞尔 Vin Diesel,复仇者联盟3：无限战争
19,彼特·丁拉基 Peter Dinklage,复仇者联盟3：无限战争
20,杰瑞米·雷纳 Jeremy Renner,复仇者联盟3：无限战争
21,凯伦·吉兰 Karen Gillan,复仇者联盟3：无限战争
22,庞·克莱门捷夫 Pom Klementieff,复仇者联盟3：无限战争
23,布莱德利·库珀 Bradley Cooper,复仇者联盟3：无限战争
24,保罗·路德 Paul Rudd,复仇者联盟3：无限战争
25,戴夫·巴蒂斯塔 Dave Bautista,复仇者联盟3：无限战争
26,本尼西奥·德尔·托罗 Benicio Del Toro,复仇者联盟3：无限战争
27,达娜·古瑞拉 Danai Gurira,复仇者联盟3：无限战争
28,西恩·古恩 Sean Gunn,复仇者联盟3：无限战争
29,安东尼·麦凯 Anthony Mackie,复仇者联盟3：无限战争
30,本尼迪特·王 Benedict Wong,复仇者联盟3：无限战争
31,泰瑞·诺塔里 Terry Notary,复仇者联盟3：无限战争
32,唐·钱德尔 Don Cheadle,复仇者联盟3：无限战争
33,格温妮丝·帕特洛 Gwyneth Paltrow,复仇者联盟3：无限战争
34,乔恩·费儒 Jon Favreau,复仇者联盟3：无限战争
35,安吉拉·贝塞特 Angela Bassett,复仇者联盟3：无限战争
36,琳达·卡德里尼 Linda Cardellini,复仇者联盟3：无限战争
37,卡兰·穆尔韦 Callan Mulvey,复仇者联盟3：无限战争
38,温斯顿·杜克 Winston Duke,复仇者联盟3：无限战争
39,凯瑞·康顿 Kerry Condon,复仇者联盟3：无限战争
40,伊德瑞斯·艾尔巴 Idris Elba,复仇者联盟3：无限战争
41,弗洛伦斯·卡萨姆巴 Florence Kasumba,复仇者联盟3：无限战争
42,汤姆·沃恩-劳勒 Tom Vaughan-Lawlor,复仇者联盟3：无限战争
0,许诚毅 Raman Hui,捉妖记2
1,梁朝伟 Tony Leung,捉妖记2
2,白百何 Fay Bai,捉妖记2
3,井柏然 Boran Jing,捉妖记2
4,李宇春 Yuchun Li,捉妖记2
5,杨祐宁 Tony Yang,捉妖记2
6,大鹏 Peng Da,捉妖记2
7,黄磊 Lei Huang,捉妖记2
8,吴莫愁 MoMo Wu,捉妖记2
9,吴君如 Sandra Ng,捉妖记2
10,柳岩 Ada,捉妖记2
11,伍嘉成 Wu Jiacheng,捉妖记2
12,谷嘉诚 Jason Koo,捉妖记2
13,彭楚粤 Peng Chuyue,捉妖记2
14,陈泽希 Emn Chen,捉妖记2
15,郭子凡 Ziven Guo,捉妖记2
16,肖战 Daytoy Xiao,捉妖记2
17,焉栩嘉 Yan Xvjia,捉妖记2
18,夏之光 Light Xia,捉妖记2
19,曾志伟 Eric Tsang,捉妖记2
20,娄艺潇 Yixiao Lou,捉妖记2
21,姜超 Chao Jiang,捉妖记2
22,张俪 Li Zhang,捉妖记2
0,张吃鱼 Chiyu Zhang,羞羞的铁拳
1,宋阳 Yang Song,羞羞的铁拳
2,艾伦 Allen Ai,羞羞的铁拳
3,马丽 Li Ma,羞羞的铁拳
4,沈腾 Teng Shen,羞羞的铁拳
5,田雨 Yu Tian,羞羞的铁拳
6,薛皓文 Haowen Xue,羞羞的铁拳
7,常远 Yuan Chang,羞羞的铁拳
8,黄才伦 Cailun Huang,羞羞的铁拳
0,迈克尔·贝 Michael Bay,变形金刚4：绝迹重生
1,马克·沃尔伯格 Mark Wahlberg,变形金刚4：绝迹重生
2,妮可拉·佩尔茨 Nicola Peltz,变形金刚4：绝迹重生
3,斯坦利·图齐 Stanley Tucci,变形金刚4：绝迹重生
4,T·J·米勒 T.J. Miller,变形金刚4：绝迹重生
5,索菲亚·迈尔斯 Sophia Myles,变形金刚4：绝迹重生
6,凯尔希·格兰莫 Kelsey Grammer,变形金刚4：绝迹重生
7,彼特·库伦 Peter Cullen,变形金刚4：绝迹重生
8,李冰冰 Bingbing Li,变形金刚4：绝迹重生
9,杰克·莱诺 Jack Reynor,变形金刚4：绝迹重生
10,韩庚 Geng Han,变形金刚4：绝迹重生
11,提图斯·维里沃 Titus Welliver,变形金刚4：绝迹重生
12,斯坦利·图齐 Stanley Tucci,变形金刚4：绝迹重生
13,约翰·古德曼 John Goodman,变形金刚4：绝迹重生
14,渡边谦 Ken Watanabe,变形金刚4：绝迹重生
15,约翰·迪·玛吉欧 John DiMaggio,变形金刚4：绝迹重生
16,罗伯特·福克沃斯 Robert Foxworth,变形金刚4：绝迹重生
17,弗兰克·维尔克 Frank Welker,变形金刚4：绝迹重生
18,马克·瑞安 Mark Ryan,变形金刚4：绝迹重生
19,吕良伟 Ray Lui,变形金刚4：绝迹重生
20,邹市明 Shiming Zou,变形金刚4：绝迹重生
21,巫刚 Gang Wu,变形金刚4：绝迹重生
22,纪培慧 Teresa Daley ,变形金刚4：绝迹重生
23,赵茜 Xi Zhao,变形金刚4：绝迹重生
24,阿比盖尔·克莱茵 Abigail Klein,变形金刚4：绝迹重生
25,维多利亚·诺尔德 Victoria Nalder,变形金刚4：绝迹重生
26,梅勒妮·斯贝克特 Melanie Specht,变形金刚4：绝迹重生
27,王敏德 Michael Wong,变形金刚4：绝迹重生
28,夏奈尔·塞拉亚 Chanel Celaya,变形金刚4：绝迹重生
29,克丽丝汀·米勒 Kristin Miller White,变形金刚4：绝迹重生
30,丹·莱瑟姆 Dan Latham,变形金刚4：绝迹重生
31,格伦·基奥 Glenn Keogh,变形金刚4：绝迹重生
32,凯文·柯威斯 Kevin Covais,变形金刚4：绝迹重生
33,汤玛斯·蓝诺 Thomas Lennon,变形金刚4：绝迹重生
34,米卡尔·威戈 Mikal Vega,变形金刚4：绝迹重生
35,李凤阳 Fengyang Li,变形金刚4：绝迹重生
36,林柏宏 Bohong Lin,变形金刚4：绝迹重生
37,理查·里尔 Richard Riehle,变形金刚4：绝迹重生
38,大卫·梅桑德 David Midthunder,变形金刚4：绝迹重生
39,杰西卡·戈麦斯 Jessica Gomes,变形金刚4：绝迹重生
40,吉丽 Lily Ji,变形金刚4：绝迹重生
0,田羽生 Yusheng Tian,前任3：再见前任
1,韩庚 Geng Han,前任3：再见前任
2,郑恺 Ryan Zheng,前任3：再见前任
3,于文文 Kelly Yu,前任3：再见前任
4,曾梦雪 Zeng Mengxue,前任3：再见前任
5,罗米 Mi Luo,前任3：再见前任
0,唐季礼 Stanley Tong,功夫瑜伽
1,成龙 Jackie Chan,功夫瑜伽
2,李治廷 Aarif Lee,功夫瑜伽
3,张艺兴 Lay,功夫瑜伽
4,索努·苏德 Sonu Sood,功夫瑜伽
5,母其弥雅 MIYA,功夫瑜伽
6,迪莎·帕塔尼 Disha Patani,功夫瑜伽
7,艾米拉·达斯特 Amyra Dastur,功夫瑜伽
8,张国立 Guoli Zhang,功夫瑜伽
9,胡明 Ming Hu,功夫瑜伽
10,托默·奥兹 Tomer Oz,功夫瑜伽
11,乔尔·阿德里安 Joel Adrian,功夫瑜伽
12,保罗·菲利普·克拉克 Paul Philip Clark,功夫瑜伽
13,曾志伟 Eric Tsang,功夫瑜伽
14,马铁摩 Temur Mamisashvili,功夫瑜伽
15,凯文·李 Kevin Lee,功夫瑜伽
16,达伦·格罗夫纳 Darren Grosvenor,功夫瑜伽
0,乌尔善 Wuershan,寻龙诀
1,陈坤 Kun Chen,寻龙诀
2,黄渤 Bo Huang,寻龙诀
3,舒淇 Hsu Chi,寻龙诀
4,杨颖 Angela Baby,寻龙诀
5,夏雨 Yu Xia,寻龙诀
6,刘晓庆 Xiaoqing Liu,寻龙诀
0,徐克 Hark Tsui,西游伏妖篇
1,吴亦凡 Kris Wu,西游伏妖篇
2,林更新 Kenny Lin,西游伏妖篇
3,姚晨 Chen Yao,西游伏妖篇
4,林允 Jelly Lin,西游伏妖篇
5,包贝尔 Beier Bao,西游伏妖篇
6,巴特尔 Mengke Bateer,西游伏妖篇
7,杨一威 Yiwei Yang,西游伏妖篇
8,大鹏 Peng Da,西游伏妖篇
9,汪铎 Tony,西游伏妖篇
10,王丽坤 Likun Wang,西游伏妖篇
11,张美娥 Meie Zhang,西游伏妖篇
12,程思寒 Sihan Cheng,西游伏妖篇
0,徐峥 Zheng Xu,港囧
1,徐峥 Zheng Xu,港囧
2,赵薇 Vicki Zhao,港囧
3,包贝尔 Beier Bao,港囧
4,杜鹃 Jennifer Du,港囧
5,葛民辉 Eric Kot,港囧
6,李璨琛 Sam Lee,港囧
0,迈克尔·贝 Michael Bay,变形金刚5：最后的骑士
1,马克·沃尔伯格 Mark Wahlberg,变形金刚5：最后的骑士
2,彼特·库伦 Peter Cullen,变形金刚5：最后的骑士
3,伊莎贝拉·莫奈 Isabela Moner,变形金刚5：最后的骑士
4,杰洛·卡迈克尔 Jerrod Carmichael,变形金刚5：最后的骑士
5,乔什·杜哈明 Josh Duhamel,变形金刚5：最后的骑士
6,泰瑞斯·吉布森 Tyrese Gibson,变形金刚5：最后的骑士
7,安东尼·霍普金斯 Anthony Hopkins,变形金刚5：最后的骑士
8,劳拉·哈德克 Laura Haddock,变形金刚5：最后的骑士
9,约翰·古德曼 John Goodman,变形金刚5：最后的骑士
10,斯坦利·图齐 Stanley Tucci,变形金刚5：最后的骑士
11,桑地亚哥·卡布瑞拉 Santiago Cabrera,变形金刚5：最后的骑士
12,吉尔·伯明翰 Gil Birmingham,变形金刚5：最后的骑士
13,约翰·迪·玛吉欧 John DiMaggio,变形金刚5：最后的骑士
14,渡边谦 Ken Watanabe,变形金刚5：最后的骑士
15,格雷厄姆·库里 Graham Curry,变形金刚5：最后的骑士
16,弗兰克·维尔克 Frank Welker,变形金刚5：最后的骑士
17,杰斯·哈梅尔 Jess Harnell,变形金刚5：最后的骑士
18,利亚姆·加里根 Liam Garrigan,变形金刚5：最后的骑士
19,约翰·特托罗 John Turturro,变形金刚5：最后的骑士
20,米彻·佩勒吉 Mitch Pileggi,变形金刚5：最后的骑士
21,芭芭拉·伊芙·哈里斯 Barbara Eve Harris,变形金刚5：最后的骑士
22,艾伦·菲尼克斯 Allen Phoenix,变形金刚5：最后的骑士
0,拜恩·霍华德 Byron Howard,疯狂动物城
1,杰拉德·布什 Jared Bush,疯狂动物城
2,里奇·摩尔 Rich Moore,疯狂动物城
3,金妮弗·古德温 Ginnifer Goodwin,疯狂动物城
4,杰森·贝特曼 Jason Bateman,疯狂动物城
5,J·K·西蒙斯 J.K. Simmons,疯狂动物城
6,珍妮·斯蕾特 Jenny Slate,疯狂动物城
7,内特·托伦斯 Nate Torrence,疯狂动物城
8,艾伦·图代克 Alan Tudyk,疯狂动物城
9,夏奇拉 Shakira,疯狂动物城
10,伊德瑞斯·艾尔巴 Idris Elba,疯狂动物城
11,汤米·钟 Tommy Chong,疯狂动物城
12,奥克塔维亚·斯宾瑟 Octavia Spencer,疯狂动物城
13,邦尼·亨特 Bonnie Hunt,疯狂动物城
14,汤米·里斯特 Tommy Lister,疯狂动物城
15,马克·史密斯 Mark Smith,疯狂动物城
16,杰西·科尔蒂 Jesse Corti,疯狂动物城
17,约翰·迪·玛吉欧 John DiMaggio,疯狂动物城
0,胡安·安东尼奥·巴亚纳 Juan Antonio Bayona,侏罗纪世界2
1,克里斯·帕拉特 Chris Pratt,侏罗纪世界2
2,布莱丝·达拉斯·霍.. Bryce Dallas Howard,侏罗纪世界2
3,杰夫·高布伦 Jeff Goldblum,侏罗纪世界2
4,黄荣亮 B.D. Wong,侏罗纪世界2
5,詹姆斯·克伦威尔 James Cromwell,侏罗纪世界2
6,泰德·拉文 Ted Levine,侏罗纪世界2
7,贾斯提斯·史密斯 Justice Smith,侏罗纪世界2
8,杰拉丁·卓别林 Geraldine Chaplin,侏罗纪世界2
9,丹妮艾拉·皮内达 Daniella Pineda,侏罗纪世界2
10,托比·琼斯 Toby Jones,侏罗纪世界2
11,拉菲·斯波 Rafe Spall,侏罗纪世界2
12,罗伯特·埃姆斯 Robert Emms,侏罗纪世界2
13,迈克尔·帕帕约翰 Michael Papajohn,侏罗纪世界2
14,鲍·蒂欧 Bao Tieu,侏罗纪世界2
0,邓肯·琼斯 Duncan Jones,魔兽
1,崔维斯·费米尔 Travis Fimmel,魔兽
2,宝拉·巴顿 Paula Patton,魔兽
3,本·福斯特 Ben Foster,魔兽
4,多米尼克·库珀 Dominic Cooper,魔兽
5,托比·凯贝尔 Toby Kebbell,魔兽
6,本·施耐泽 Ben Schnetzer,魔兽
7,罗伯特·卡辛斯基 Robert Kazinsky,魔兽
8,吴彦祖 Daniel Wu,魔兽
9,鲁丝·内伽 Ruth Negga,魔兽
10,克兰西·布朗 Clancy Brown,魔兽
11,丹尼尔·库德摩尔 Daniel Cudmore,魔兽
12,瑞恩·罗宾斯 Ryan Robbins,魔兽
13,考乐姆·吉斯·雷尼 Callum Keith Rennie,魔兽
0,乔斯·韦登 Joss Whedon,复仇者联盟2：奥创纪元
1,小罗伯特·唐尼 Robert Downey Jr.,复仇者联盟2：奥创纪元
2,克里斯·埃文斯 Chris Evans,复仇者联盟2：奥创纪元
3,克里斯·海姆斯沃斯 Chris Hemsworth,复仇者联盟2：奥创纪元
4,斯嘉丽·约翰逊 Scarlett Johansson,复仇者联盟2：奥创纪元
5,马克·鲁法洛 Mark Ruffalo,复仇者联盟2：奥创纪元
6,杰瑞米·雷纳 Jeremy Renner,复仇者联盟2：奥创纪元
7,詹姆斯·斯派德 James Spader,复仇者联盟2：奥创纪元
8,亚伦·泰勒-约翰逊 Aaron Taylor-Johnson,复仇者联盟2：奥创纪元
9,伊丽莎白·奥尔森 Elizabeth Olsen,复仇者联盟2：奥创纪元
10,寇碧·史莫德斯 Cobie Smulders,复仇者联盟2：奥创纪元
11,海莉·阿特维尔 Hayley Atwell,复仇者联盟2：奥创纪元
12,安迪·瑟金斯 Andy Serkis,复仇者联盟2：奥创纪元
13,塞缪尔·杰克逊 Samuel L. Jackson,复仇者联盟2：奥创纪元
14,斯特兰·斯卡斯加德 Stellan Skarsg&amp;#229;rd,复仇者联盟2：奥创纪元
15,保罗·贝坦尼 Paul Bettany,复仇者联盟2：奥创纪元
16,斯坦·李 Stan Lee,复仇者联盟2：奥创纪元
17,卢·费里诺 Lou Ferrigno,复仇者联盟2：奥创纪元
18,唐·钱德尔 Don Cheadle,复仇者联盟2：奥创纪元
19,托马斯·克莱舒曼 Thomas Kretschmann,复仇者联盟2：奥创纪元
20,秀贤 Soo-hyun Kim,复仇者联盟2：奥创纪元
21,王丽雅 Leila Wong,复仇者联盟2：奥创纪元
22,伊德瑞斯·艾尔巴 Idris Elba,复仇者联盟2：奥创纪元
23,汤姆·希德勒斯顿 Tom Hiddleston,复仇者联盟2：奥创纪元
24,安东尼·麦凯 Anthony Mackie,复仇者联盟2：奥创纪元
25,迪索·拉莫斯 Diezel Ramos,复仇者联盟2：奥创纪元
26,丹尼斯·科洛斯克 Denis Khoroshko,复仇者联盟2：奥创纪元
27,约瑟夫M·阿尔伯特 Joseph M. Abbott,复仇者联盟2：奥创纪元
0,闫非 Fei Yan,夏洛特烦恼
1,彭大魔 Damo Peng,夏洛特烦恼
2,沈腾 Teng Shen,夏洛特烦恼
3,马丽 Li Ma,夏洛特烦恼
4,尹正 Zheng Yin,夏洛特烦恼
5,艾伦 Allen Ai,夏洛特烦恼
6,王智 Zhi Wang,夏洛特烦恼
7,田雨 Yu Tian,夏洛特烦恼
8,宋阳 Yang Song,夏洛特烦恼
9,常远 Yuan Chang,夏洛特烦恼
10,李萍 Ping Li,夏洛特烦恼
11,张一鸣 Yiming Zhang,夏洛特烦恼
12,李立群 Lichun Lee,夏洛特烦恼
0,冯小刚 Xiaogang Feng,芳华
1,黄轩 Xuan Huang,芳华
2,苗苗 Miao Miao,芳华
3,钟楚曦 Elane Zhong,芳华
4,杨采钰 Caiyu Yang,芳华
5,李晓峰 Xiaofeng Li,芳华
6,王天辰 Tianchen Wang,芳华
7,王可如 Keru Wang,芳华
8,隋源 Yuan Sui,芳华
9,苏岩 Yan Su,芳华
10,赵立新 Lixin Zhao,芳华
11,张仁博 Renbo Zhang,芳华
12,薛祺 Qi Xue,芳华
13,陶海 Hai Tao,芳华
14,周放 Fang Zhou,芳华
0,科林·特莱沃若 Colin Trevorrow,侏罗纪世界
1,劳拉·邓恩 Laura Dern,侏罗纪世界
2,克里斯·帕拉特 Chris Pratt,侏罗纪世界
3,布莱丝·达拉斯·霍.. Bryce Dallas Howard,侏罗纪世界
4,泰·辛普金斯 Ty Simpkins,侏罗纪世界
5,杰克·M·约翰森 Jake M. Johnson,侏罗纪世界
6,尼克·罗宾逊 Nick Robinson,侏罗纪世界
7,黄荣亮 B.D. Wong,侏罗纪世界
8,伊尔凡·可汗 Irfan Khan,侏罗纪世界
9,布莱恩·泰 Brian Tee,侏罗纪世界
10,文森特·多诺费奥 Vincent D&#39;Onofrio,侏罗纪世界
11,凯蒂·麦克格拉思 Katie McGrath,侏罗纪世界
12,奥马·希 Omar Sy,侏罗纪世界
13,约翰·阿米乔 John L. Armijo,侏罗纪世界
14,詹姆斯·杜蒙特 James DuMont,侏罗纪世界
15,艾伦D·柏温 Alan D. Purwin,侏罗纪世界
16,克里斯托弗·赫斯基 Christopher Heskey,侏罗纪世界
17,本杰明·伍德 Benjamin Wood,侏罗纪世界
18,费尔南德兹·奥斯瓦.. Fernandez Osvaldo,侏罗纪世界
19,埃尔顿·勒布朗 Elton LeBlanc,侏罗纪世界
20,鲍勃·沃克 Bob Walker,侏罗纪世界
21,杰拉尔丁·格伦 Geraldine Glenn,侏罗纪世界
22,杰伊·奥利弗 Jay Oliver,侏罗纪世界
23,杰西·亚伯勒 Jesse Yarborough,侏罗纪世界
24,埃迪J·费尔南德斯 Eddie J. Fernandez,侏罗纪世界
25,凯瑞·西蒙斯 Kerry Sims,侏罗纪世界
26,费丽娜·巴瑞丝 Fileena Bahris,侏罗纪世界
27,朱迪·格雷尔 Judy Greer,侏罗纪世界
0,史蒂文·斯皮尔伯格 Steven Spielberg,头号玩家
1,泰尔·谢里丹 Tye Sheridan,头号玩家
2,奥利维亚·库克 Olivia Cooke,头号玩家
3,本·门德尔森 Ben Mendelsohn,头号玩家
4,西蒙·佩吉 Simon Pegg,头号玩家
5,马克·里朗斯 Mark Rylance,头号玩家
6,T·J·米勒 T.J. Miller,头号玩家
7,汉娜·乔恩·卡门 Hannah John-Kamen,头号玩家
8,森崎Win Win Morisaki,头号玩家
9,西蒙妮·科尔比 Simone Kirby,头号玩家
10,劳伦斯·斯佩尔曼 Laurence Spellman,头号玩家
0,刘若英 Rene Liu,后来的我们
1,井柏然 Boran Jing,后来的我们
2,周冬雨 Dongyu Zhou,后来的我们
3,田壮壮 Zhuangzhuang Tian,后来的我们
4,苏小明 Xiaoming Su,后来的我们
5,张子贤 Zixian Zhang,后来的我们
6,施予斐 Yufei Shi,后来的我们
7,曲哲明 Zheming Qu,后来的我们
8,刘启恒 Liu Qiheng,后来的我们
0,詹姆斯·卡梅隆 James Cameron,阿凡达
1,佐伊·索尔达娜 Zoe Saldana,阿凡达
2,吉奥瓦尼·瑞比西 Giovanni Ribisi,阿凡达
3,西格妮·韦弗 Sigourney Weaver,阿凡达
4,萨姆·沃辛顿 Sam Worthington,阿凡达
5,米歇尔·罗德里格兹 Michelle Rodriguez,阿凡达
6,拉兹·阿隆索 Laz Alonso,阿凡达
7,乔·大卫·摩尔 Joel David Moore,阿凡达
8,韦斯·斯塔迪 Wes Studi,阿凡达
9,史蒂芬·朗 Stephen Lang,阿凡达
0,尼特什·提瓦瑞 Nitesh Tiwari,摔跤吧！爸爸
1,阿米尔·汗 Aamir Khan,摔跤吧！爸爸
2,萨卡诗·泰瓦 Sakshi Tanwar,摔跤吧！爸爸
3,桑亚·玛荷塔 Sanya Malhotra,摔跤吧！爸爸
4,法缇玛·萨那·纱卡 Baby Sana,摔跤吧！爸爸
5,塞伊拉·沃西 Zaira Wasim,摔跤吧！爸爸
0,徐峥 Zheng Xu,人再囧途之泰囧
1,徐峥 Zheng Xu,人再囧途之泰囧
2,王宝强 Baoqiang Wang,人再囧途之泰囧
3,黄渤 Bo Huang,人再囧途之泰囧
4,陶虹 Hong Tao,人再囧途之泰囧
5,谢楠 Nan Xie,人再囧途之泰囧
6,范冰冰 Bingbing Fan,人再囧途之泰囧
0,郭子健 Derek Kwok,西游降魔篇
1,周星驰 Stephen Chow,西游降魔篇
2,黄渤 Bo Huang,西游降魔篇
3,舒淇 Hsu Chi,西游降魔篇
4,文章 Zhang Wen,西游降魔篇
5,罗志祥 Show Lo,西游降魔篇
6,周秀娜 Chrissie Chau,西游降魔篇
7,杨迪 Di Yang,西游降魔篇
8,李尚正 Shangzheng Li,西游降魔篇
9,释延能 Yanneng Shi,西游降魔篇
10,赵志凌 Chiu Chi Ling,西游降魔篇
11,冯勉恒 Min Hun Fung,西游降魔篇
12,何文辉 Wen Hui He,西游降魔篇
13,陈炳强 Bing Qiang Chen,西游降魔篇
14,卢正雨 Zhengyu Lu,西游降魔篇
15,葛行于 Xing Yu Ge,西游降魔篇
16,谢晶晶 Jingjing Xie,西游降魔篇
17,张超理 Chao Li Zhang,西游降魔篇
18,唐艺昕 Tina Tang,西游降魔篇
19,程思寒 Sihan Cheng,西游降魔篇
0,安东尼·罗素 Anthony Russo,美国队长3：英雄内战
1,乔·罗素 Joe Russo,美国队长3：英雄内战
2,克里斯·埃文斯 Chris Evans,美国队长3：英雄内战
3,小罗伯特·唐尼 Robert Downey Jr.,美国队长3：英雄内战
4,塞巴斯蒂安·斯坦 Sebastian Stan,美国队长3：英雄内战
5,斯嘉丽·约翰逊 Scarlett Johansson,美国队长3：英雄内战
6,伊丽莎白·奥尔森 Elizabeth Olsen,美国队长3：英雄内战
7,查德维克·博斯曼 Chadwick Boseman,美国队长3：英雄内战
8,安东尼·麦凯 Anthony Mackie,美国队长3：英雄内战
9,保罗·贝坦尼 Paul Bettany,美国队长3：英雄内战
10,保罗·路德 Paul Rudd,美国队长3：英雄内战
11,杰瑞米·雷纳 Jeremy Renner,美国队长3：英雄内战
12,唐·钱德尔 Don Cheadle,美国队长3：英雄内战
13,威廉·赫特 William Hurt,美国队长3：英雄内战
14,马丁·弗瑞曼 Martin Freeman,美国队长3：英雄内战
15,艾米丽·万凯普 Emily VanCamp,美国队长3：英雄内战
16,莱丝莉·比伯 Leslie Bibb,美国队长3：英雄内战
17,斯坦·李 Stan Lee,美国队长3：英雄内战
18,吴靖萱 Jane Wu,美国队长3：英雄内战
19,玛丽莎·托梅 Marisa Tomei,美国队长3：英雄内战
20,弗洛伦斯·卡萨姆巴 Florence Kasumba,美国队长3：英雄内战
21,亚力山大·亚辛 Alexander Yassin,美国队长3：英雄内战
22,布伦特·麦基 Brent McGee,美国队长3：英雄内战
23,克里斯·泰辛格 Chris Theisinger,美国队长3：英雄内战
24,汤姆·赫兰德 Tom Holland,美国队长3：英雄内战
25,格温妮丝·帕特洛 Gwyneth Paltrow,美国队长3：英雄内战
26,丹尼尔·布鲁赫 Daniel Br&amp;#252;hl,美国队长3：英雄内战
27,弗兰克·格里罗 Frank Anthony Grillo,美国队长3：英雄内战
0,李·昂克里奇 Lee Unkrich,寻梦环游记
1,安东尼·冈萨雷兹 Anthony Gonzalez,寻梦环游记
2,本杰明·布拉特 Benjamin Bratt,寻梦环游记
3,盖尔·加西亚·贝纳尔 Gael Garc&amp;#237;a Bernal,寻梦环游记
4,芮妮·维克托 Renee Victor,寻梦环游记
5,爱德华·詹姆斯·奥.. Edward James Olmos,寻梦环游记
6,阿兰纳·乌巴奇 Alanna Ubach,寻梦环游记
7,加布里埃尔·伊格莱.. Gabriel Iglesias,寻梦环游记
8,切奇·马林 Cheech Marin,寻梦环游记
9,杰米·卡米尔 Jaime Camil,寻梦环游记
10,阿方索·阿雷奥 Alfonso Arau,寻梦环游记
11,隆巴多·博伊尔 Lombardo Boyar,寻梦环游记
12,索菲亚•伊斯皮诺萨 Sof&amp;#237;a Espinosa,寻梦环游记
13,约翰·拉岑贝格 John Ratzenberger,寻梦环游记
0,郑保瑞 Pou-Soi Cheang,西游记之孙悟空三打白骨精
1,郭富城 Aaron Kwok,西游记之孙悟空三打白骨精
2,巩俐 Li Gong,西游记之孙悟空三打白骨精
3,冯绍峰 Shaofeng Feng,西游记之孙悟空三打白骨精
4,罗仲谦 Chung Him Law,西游记之孙悟空三打白骨精
5,小沈阳 Xiao Shenyang,西游记之孙悟空三打白骨精
6,费翔 Kris Phillips,西游记之孙悟空三打白骨精
7,魏璐 Lu Wei,西游记之孙悟空三打白骨精
8,陈慧琳 Kelly Chen,西游记之孙悟空三打白骨精
9,齐浠儿 Giselle,西游记之孙悟空三打白骨精
10,母其弥雅 MIYA,西游记之孙悟空三打白骨精
11,程东 John Ching,西游记之孙悟空三打白骨精
12,彭宇 Yu Peng,西游记之孙悟空三打白骨精
13,李韵迪 Yundi LI,西游记之孙悟空三打白骨精
14,刘楚恬 Chutian Liu,西游记之孙悟空三打白骨精
15,余辛 Xin Yu,西游记之孙悟空三打白骨精
16,张籽沐 Zi Mu Zhang,西游记之孙悟空三打白骨精
17,叶淑铃 Shuling Ye,西游记之孙悟空三打白骨精
18,阿旺仁青 Ngawang Rinchen,西游记之孙悟空三打白骨精
0,林超贤 Dante Lam,湄公河行动
1,张涵予 Hanyu Zhang,湄公河行动
2,彭于晏 Eddie Peng,湄公河行动
3,陈宝国 Baoguo Chen,湄公河行动
4,孙淳 Chun Sun,湄公河行动
5,冯文娟 Wenjuan Feng,湄公河行动
6,卢惠光 Kenneth Lo,湄公河行动
7,吴旭东 Xudong Wu,湄公河行动
8,吴嘉龙 Carl Wu,湄公河行动
9,赵健 Jian Zhao,湄公河行动
10,魏蔓 Mandy,湄公河行动
11,谭惠贞 Wai-ching Tam,湄公河行动
12,林明杰 Eric Lin,湄公河行动
13,林钧晖 Kwan-Fai Lam,湄公河行动
14,刘显达 Xianda Liu,湄公河行动
15,战立国 Liguo Zhan,湄公河行动
16,柏华力·莫高彼斯彻 Pawalit Mongkolpisit,湄公河行动
17,维他亚·潘斯林加姆 Vithaya Pansringarm,湄公河行动
18,伍麟凯 Linkai Wu,湄公河行动
0,乔阿吉姆·罗恩尼 Joachim Roenning,加勒比海盗5：死无对证
1,艾斯彭·山德伯格 Espen Sandberg,加勒比海盗5：死无对证
2,约翰尼·德普 Johnny Depp,加勒比海盗5：死无对证
3,哈维尔·巴登 Javier Bardem,加勒比海盗5：死无对证
4,杰弗里·拉什 Geoffrey Rush,加勒比海盗5：死无对证
5,布兰顿·思怀兹 Brenton Thwaites,加勒比海盗5：死无对证
6,奥兰多·布鲁姆 Orlando Bloom,加勒比海盗5：死无对证
7,卡雅·斯考达里奥 Kaya Scodelario,加勒比海盗5：死无对证
8,凯文·麦克纳利 Kevin McNally,加勒比海盗5：死无对证
9,歌什菲·法拉哈尼 Golshifteh Farahani,加勒比海盗5：死无对证
10,斯蒂芬·格拉汉姆 Stephen Graham,加勒比海盗5：死无对证
11,马丁·科勒巴 Martin Klebba,加勒比海盗5：死无对证
12,大卫·文翰 David Wenham,加勒比海盗5：死无对证
13,戈兰·克鲁特 Goran D&#39;Kluet,加勒比海盗5：死无对证
14,安格斯·巴尼特 Angus Barnett,加勒比海盗5：死无对证
15,保罗·麦卡特尼 Paul McCartney,加勒比海盗5：死无对证
16,亚当·布朗 Adam Brown,加勒比海盗5：死无对证
17,胡安·卡洛斯·凡希多 Juan Carlos Vellido,加勒比海盗5：死无对证
18,亚历山大·吉尔 Alexander Scheer,加勒比海盗5：死无对证
19,詹姆斯·弗雷泽 James Fraser,加勒比海盗5：死无对证
20,詹姆斯·麦凯 James Mackay,加勒比海盗5：死无对证
21,本·奥图尔 Ben O&#39;Toole,加勒比海盗5：死无对证
0,张艺谋 Yimou Zhang,长城
1,马特·达蒙 Matt Damon,长城
2,景甜 Tian Jing,长城
3,佩德罗·帕斯卡 Pedro Pascal,长城
4,刘德华 Andy Lau,长城
5,威廉·达福 Willem Dafoe,长城
6,张涵予 Hanyu Zhang,长城
7,鹿晗 Luhan,长城
8,彭于晏 Eddie Peng,长城
9,林更新 Kenny Lin,长城
10,郑恺 Ryan Zheng,长城
11,黄轩 Xuan Huang,长城
12,王俊凯 Karry Wang,长城
13,陈学冬 Xuedong Chen,长城
14,余心恬 Vicky,长城
15,刘冰 Bing Liu,长城
16,李亨 Heng Li,长城
17,努曼·阿卡尔 Numan Acar,长城
18,约翰尼·希科 Johnny Cicco,长城
19,皮鲁·埃斯贝克 Pilou Asb&amp;#230;k,长城
0,宁浩 Hao Ning,心花路放
1,黄渤 Bo Huang,心花路放
2,徐峥 Zheng Xu,心花路放
3,袁泉 Quan Yuan,心花路放
4,周冬雨 Dongyu Zhou,心花路放
5,陶慧 Hui Tao,心花路放
6,岳小军 Xiaojun Yue,心花路放
7,张俪 Li Zhang,心花路放
8,马苏 Su Ma,心花路放
9,刘美含 Mikan,心花路放
10,焦俊艳 Junyan Jiao,心花路放
11,郭涛 Tao Guo,心花路放
12,李晨 Chen Li,心花路放
13,夏雨 Yu Xia,心花路放
14,刘仪伟 Yiwei Liu,心花路放
15,雷佳音 Jiayin Lei,心花路放
16,沈腾 Teng Shen,心花路放
17,熊乃瑾 Naijin Xiong,心花路放
18,宁浩 Hao Ning,心花路放
0,大鹏 Peng Da,煎饼侠
1,大鹏 Peng Da,煎饼侠
2,袁姗姗 Shanshan Yuan,煎饼侠
3,柳岩 Ada,煎饼侠
4,曾志伟 Eric Tsang,煎饼侠
5,岳云鹏 Yunpeng Yue,煎饼侠
6,吴君如 Sandra Ng,煎饼侠
7,衣云鹤 Yune Yi,煎饼侠
8,乔杉 Qiao Shan,煎饼侠
9,潘斌龙 Binlong Pan,煎饼侠
10,邓超 Chao Deng,煎饼侠
11,尚格·云顿 Jean-Claude Van Da..,煎饼侠
12,郭采洁 Amber Kuo,煎饼侠
13,小沈阳 Xiao Shenyang,煎饼侠
14,宋小宝 Xiaobao Song,煎饼侠
15,王小利 Xiaoli Wang,煎饼侠
16,刘小光 Xiaoguang Liu,煎饼侠
17,陈思诚 Sicheng Chen,煎饼侠
18,林更新 Kenny Lin,煎饼侠
19,韩寒 Han Han,煎饼侠
20,包贝尔 Beier Bao,煎饼侠
21,胡海泉 Cannon,煎饼侠
22,陈赫 Michael Chen,煎饼侠
23,郑恺 Ryan Zheng,煎饼侠
24,陈羽凡 Tony Chen,煎饼侠
25,梁超 Chao Liang,煎饼侠
0,乔丹·沃格-罗伯茨 Jordan Vogt-Roberts,金刚：骷髅岛
1,汤姆·希德勒斯顿 Tom Hiddleston,金刚：骷髅岛
2,布丽·拉尔森 Brie Larson,金刚：骷髅岛
3,塞缪尔·杰克逊 Samuel L. Jackson,金刚：骷髅岛
4,约翰·古德曼 John Goodman,金刚：骷髅岛
5,景甜 Tian Jing,金刚：骷髅岛
6,约翰·C·赖利 John C. Reilly,金刚：骷髅岛
7,托比·凯贝尔 Toby Kebbell,金刚：骷髅岛
8,托马斯·曼 Thomas Mann,金刚：骷髅岛
9,科瑞·霍金斯 Corey Hawkins,金刚：骷髅岛
10,杰森·米切尔 Jason Mitchell,金刚：骷髅岛
11,约翰·奥提兹 John Ortiz,金刚：骷髅岛
12,尤金·科德罗 Eugene Cordero,金刚：骷髅岛
13,威尔·布里泰因 Will Brittain,金刚：骷髅岛
14,希亚·温汉 Shea Whigham,金刚：骷髅岛
15,马克·埃文·杰克逊 Marc Evan Jackson,金刚：骷髅岛
16,泰瑞·诺塔里 Terry Notary,金刚：骷髅岛
0,D·J·卡卢索 D.J. Caruso,极限特工：终极回归
1,范·迪塞尔 Vin Diesel,极限特工：终极回归
2,鲁比·罗丝 Ruby Rose,极限特工：终极回归
3,塞缪尔·杰克逊 Samuel L. Jackson,极限特工：终极回归
4,妮娜·杜波夫 Nina Dobrev,极限特工：终极回归
5,迪皮卡·帕度柯妮 Deepika Padukone,极限特工：终极回归
6,托尼·贾 Tony Jaa,极限特工：终极回归
7,甄子丹 Donnie Yen,极限特工：终极回归
8,托妮·科莱特 Toni Collette,极限特工：终极回归
9,吴亦凡 Kris Wu,极限特工：终极回归
10,艾尔·斯帕恩扎 Al Sapienza,极限特工：终极回归
11,艾斯·库珀 Ice Cube,极限特工：终极回归
12,康纳·麦格雷戈 Conor McGregor,极限特工：终极回归
0,王晶 Jing Wong,澳门风云3
1,刘伟强 Andrew Lau,澳门风云3
2,周润发 Yun-Fat Chow,澳门风云3
3,刘德华 Andy Lau,澳门风云3
4,张家辉 Nick Cheung,澳门风云3
5,李宇春 Yuchun Li,澳门风云3
6,张学友 Jacky Cheung,澳门风云3
7,姜大卫 David Chiang,澳门风云3
8,罗家英 Kar Ying Law,澳门风云3
9,童菲 Kimmy,澳门风云3
10,江美仪 Elena Kong,澳门风云3
11,姜皓文 Philip Keung,澳门风云3
12,曾国祥 Kwok Cheung Tsang,澳门风云3
13,刘嘉玲 Carina Lau,澳门风云3
14,向华强 Charles Heung,澳门风云3
15,余文乐 Shawn Yue,澳门风云3
16,朴载相 Jae-Sang Park,澳门风云3
17,王诗龄 Angela,澳门风云3
18,向佐 Jacky Heung,澳门风云3
19,胡然 Michelle Hu,澳门风云3
20,徐冬冬 Raquel,澳门风云3
21,元秋 Qiu Yuen,澳门风云3
22,卢海鹏 Hoi-Pang Lo,澳门风云3
23,玛利亚 Maria Cordero,澳门风云3
24,金刚 Kong Kim,澳门风云3
25,王君馨 Grace Wong,澳门风云3
26,陈嘉佳 Siu Bow,澳门风云3
27,王晶 Jing Wong,澳门风云3
28,吴志雄 Chi Hung Ng,澳门风云3
29,何华超 Tony Ho,澳门风云3
30,小肥 Terence Siufay,澳门风云3
31,林莉娴 Leslie,澳门风云3
32,钟采羲 Iris Chung,澳门风云3
33,庄思敏 Jacquline Ch&#39;ng,澳门风云3
34,陈奂仁 Hanjin Tan,澳门风云3
35,陈浩 Hao Chen,澳门风云3
0,保罗·安德森 Paul W.S. Anderson,生化危机：终章
1,米拉·乔沃维奇 Milla Jovovich,生化危机：终章
2,伊恩·格雷 Iain Glen,生化危机：终章
3,艾丽·拉特 Ali Larter,生化危机：终章
4,鲁比·罗丝 Ruby Rose,生化危机：终章
5,李准基 Jun-Ki Lee,生化危机：终章
6,肖恩·罗伯茨 Shawn Roberts,生化危机：终章
7,威廉·利维 William Levy,生化危机：终章
8,伊恩·马肯 Eoin Macken,生化危机：终章
9,凯文·奥托 Kevin Otto,生化危机：终章
10,罗拉 Rola,生化危机：终章
11,保罗·汉普赛尔 Paul Hampshire,生化危机：终章
0,迈克尔·贝 Michael Bay,变形金刚3
1,希亚·拉博夫 Shia LaBeouf,变形金刚3
2,乔什·杜哈明 Josh Duhamel,变形金刚3
3,约翰·马尔科维奇 John Malkovich,变形金刚3
4,雨果·维文 Hugo Weaving,变形金刚3
5,帕特里克·德姆西 Patrick Dempsey,变形金刚3
6,肯·郑 Ken Jeong,变形金刚3
7,约翰·特托罗 John Turturro,变形金刚3
8,弗兰西斯·麦克多蒙德 Frances McDormand,变形金刚3
9,艾伦·图代克 Alan Tudyk,变形金刚3
10,泰瑞斯·吉布森 Tyrese Gibson,变形金刚3
11,弗兰克·维尔克 Frank Welker,变形金刚3
12,彼特·库伦 Peter Cullen,变形金刚3
13,凯文·杜恩 Kevin Dunn,变形金刚3
14,朱丽叶·怀特 Julie White,变形金刚3
15,格伦·莫肖尔 Glenn Morshower,变形金刚3
16,拉蒙·罗德里格兹 Ramon Rodriguez,变形金刚3
17,罗伯特·福克沃斯 Robert Foxworth,变形金刚3
18,杰斯·哈梅尔 Jess Harnell,变形金刚3
19,布雷特·史泰利 Brett Stimely,变形金刚3
20,乔什·凯利 Josh Kelly,变形金刚3
21,罗茜·汉丁顿-惠特莉 Rosie Huntington-W..,变形金刚3
22,科林·格兰特 Corin Grant,变形金刚3
0,韩寒 Han Han,乘风破浪
1,邓超 Chao Deng,乘风破浪
2,彭于晏 Eddie Peng,乘风破浪
3,赵丽颖 Liying Zhao,乘风破浪
4,董子健 ZiJian Dong,乘风破浪
5,金士杰 Shijie Jin,乘风破浪
6,叫兽易小星 Jiaoshouyixiaoxing,乘风破浪
7,李淳 Mason C. Lee,乘风破浪
8,张本煜 Benyu Zhang,乘风破浪
9,李荣浩 Youngho Lee,乘风破浪
10,高华阳 Huayang Gao,乘风破浪
11,熊黎 Li Xiong,乘风破浪
12,李春嫒 Chunai Li,乘风破浪
13,马达加斯加 Madagascar,乘风破浪
14,期期 Qiqi,乘风破浪
15,上海亭东影业有限公司   ,乘风破浪
0,郑保瑞 Pou-Soi Cheang,西游记之大闹天宫
1,甄子丹 Donnie Yen,西游记之大闹天宫
2,周润发 Yun-Fat Chow,西游记之大闹天宫
3,郭富城 Aaron Kwok,西游记之大闹天宫
4,陈乔恩 Joe Chan,西游记之大闹天宫
5,夏梓桐 Xia Zi Tong,西游记之大闹天宫
6,张梓琳 Zilin Zhang,西游记之大闹天宫
7,何润东 Peter Ho,西游记之大闹天宫
8,梁咏琪 Gigi Leung,西游记之大闹天宫
9,陈慧琳 Kelly Chen,西游记之大闹天宫
10,张兆辉 Siu-fai Cheung,西游记之大闹天宫
11,郑家星 Jiaxing Zheng,西游记之大闹天宫
12,樊少皇 Siu-Wong Fan,西游记之大闹天宫
13,汪圆圆 Irene Wong,西游记之大闹天宫
14,李菁 Jing Li,西游记之大闹天宫
15,海一天 Yitian Hai,西游记之大闹天宫
16,刘桦 Hua Liu,西游记之大闹天宫
17,罗仲谦 Chung Him Law,西游记之大闹天宫
18,梁雨恩 Cathy Leung,西游记之大闹天宫
19,刘双宁 Shuangning Liu,西游记之大闹天宫
0,凯尔·巴尔达 Kyle Balda,神偷奶爸3
1,皮艾尔·柯芬 Pierre Coffin,神偷奶爸3
2,史蒂夫·卡瑞尔 Steve Carell,神偷奶爸3
3,克里斯汀·韦格 Kristen Wiig,神偷奶爸3
4,崔·帕克 Trey Parker,神偷奶爸3
5,米兰达·卡斯格拉夫 Miranda Cosgrove,神偷奶爸3
6,迈克·贝蒂 Michael Beattie,神偷奶爸3
7,埃尔希·费舍 Elsie Fisher,神偷奶爸3
8,达娜·盖伊 Dana Gaier,神偷奶爸3
9,皮艾尔·柯芬 Pierre Coffin,神偷奶爸3
10,拉塞尔·布兰德 Russell Brand,神偷奶爸3
11,史蒂夫·库根 Steve Coogan,神偷奶爸3
12,安迪·尼曼 Andy Nyman,神偷奶爸3
13,珍妮·斯蕾特 Jenny Slate,神偷奶爸3
14,布莱恩T·德莱尼 Brian T. Delaney,神偷奶爸3
0,李仁港 Daniel Lee,盗墓笔记
1,井柏然 Boran Jing,盗墓笔记
2,鹿晗 Luhan,盗墓笔记
3,马思纯 Sandra Ma,盗墓笔记
4,王景春 Jingchun Wang,盗墓笔记
5,张博宇 Fuyu Zhang,盗墓笔记
6,姜皓文 Philip Keung,盗墓笔记
7,涂圣成 Jack Tu,盗墓笔记
8,玛丽卡·沙拉瓦特 Mallika Sherawat,盗墓笔记
9,瓦尼·科洛贝里尼 Vanni Corbellini,盗墓笔记
10,敖嘉年 Pierre Ngo,盗墓笔记
11,高玉庆 Yuqing Gao,盗墓笔记
12,房旭世 Xushi Fang,盗墓笔记
13,刘蔚森 Liu Weisen,盗墓笔记
14,屈菁菁 Jingjing Qu,盗墓笔记
15,南派三叔 Xu Lei,盗墓笔记
16,林鹏 Peng Lin,盗墓笔记
0,布拉德·佩顿 Brad Peyton,狂暴巨兽
1,道恩·强森 Dwayne Johnson,狂暴巨兽
2,娜奥米·哈里斯 Naomie Harris,狂暴巨兽
3,乔·曼根尼罗 Joe Manganiello,狂暴巨兽
4,玛丽·谢尔顿 Marley Shelton,狂暴巨兽
5,杰克·雷西 Jake Lacy,狂暴巨兽
6,杰弗里·迪恩·摩根 Jeffrey Dean Morgan,狂暴巨兽
7,玛琳·阿克曼 Malin Akerman,狂暴巨兽
8,杰克·奎德 Jack Quaid,狂暴巨兽
9,马特·杰拉德 Matt Gerald,狂暴巨兽
0,亚力山德罗·卡罗尼 Alessandro Carloni,功夫熊猫3
1,吕寅荣 Jennifer Yuh,功夫熊猫3
2,黄磊 Lei Huang,功夫熊猫3
3,杨幂 Mini Yang,功夫熊猫3
4,成龙 Jackie Chan,功夫熊猫3
5,白百何 Fay Bai,功夫熊猫3
6,郭子睿 Patrick Guo,功夫熊猫3
7,周杰伦 Jay Chou,功夫熊猫3
8,朱珠 Zhu Zhu,功夫熊猫3
9,张国立 Guoli Zhang,功夫熊猫3
10,张纪中 Jizhong Zhang,功夫熊猫3
11,王志文 Zhiwen Wang,功夫熊猫3
12,肖央 Shawn,功夫熊猫3
13,王太利 Taili Wang,功夫熊猫3
14,姜武 Wu Jiang,功夫熊猫3
15,黄忆慈 Christian,功夫熊猫3
16,凯特·哈德森 Kate Hudson,功夫熊猫3
17,J·K·西蒙斯 J.K. Simmons,功夫熊猫3
18,大卫·克罗斯 David Cross,功夫熊猫3
19,兰德尔·杜克·金 Randall Duk Kim,功夫熊猫3
20,韦恩·奈特 Wayne Knight,功夫熊猫3
21,阿普里尔·洪 April Hong,功夫熊猫3
22,弗莱德·塔他斯西奥 Fred Tatasciore,功夫熊猫3
23,希洛·朱莉-皮特 Shiloh Jolie-Pitt,功夫熊猫3
24,尚格·云顿 Jean-Claude Van Da..,功夫熊猫3
25,迈克·米歇尔 Mike Mitchell,功夫熊猫3
26,杰克·布莱克 Jack Black,功夫熊猫3
27,安吉丽娜·朱莉 Angelina Jolie,功夫熊猫3
28,达斯汀·霍夫曼 Dustin Hoffman,功夫熊猫3
29,塞斯·罗根 Seth Rogen,功夫熊猫3
30,布莱恩·科兰斯顿 Bryan Cranston,功夫熊猫3
31,刘玉玲 Lucy Liu,功夫熊猫3
32,吴汉章 James Hong,功夫熊猫3
0,乔恩·费儒 Jon Favreau,奇幻森林
1,尼尔·塞西 Neel Sethi,奇幻森林
2,郭子睿 Patrick Guo,奇幻森林
3,郭涛 Tao Guo,奇幻森林
4,比尔·默瑞 Bill Murray,奇幻森林
5,本·金斯利 Ben Kingsley,奇幻森林
6,张涵予 Hanyu Zhang,奇幻森林
7,伊德瑞斯·艾尔巴 Idris Elba,奇幻森林
8,斯嘉丽·约翰逊 Scarlett Johansson,奇幻森林
9,露皮塔·尼永奥 Lupita Nyong&#39;o,奇幻森林
10,克里斯托弗·沃肯 Christopher Walken,奇幻森林
11,吉安卡洛·埃斯珀西多 Giancarlo Esposito,奇幻森林
12,恩杰伊·安东尼 Emjay Anthony,奇幻森林
13,汉娜·托茵东 Hannah Tointon,奇幻森林
14,拉尔夫·伊内森 Ralph Ineson,奇幻森林
0,王晶 Jing Wong,澳门风云2
1,张敏 Aman Chang,澳门风云2
2,周润发 Yun-Fat Chow,澳门风云2
3,刘嘉玲 Carina Lau,澳门风云2
4,张家辉 Nick Cheung,澳门风云2
5,余文乐 Shawn Yue,澳门风云2
6,金巧巧 Qiaoqiao Jin,澳门风云2
7,王诗龄 Angela,澳门风云2
8,袁泉 Quan Yuan,澳门风云2
9,刘德华 Andy Lau,澳门风云2
10,曾志伟 Eric Tsang,澳门风云2
11,陈百祥 Pak-cheung Chan,澳门风云2
12,孟瑶 Yao Meng,澳门风云2
13,文凯玲 Connie Man,澳门风云2
14,宝儿 Poy,澳门风云2
15,童菲 Kimmy,澳门风云2
16,黄德斌 Kenny Wong,澳门风云2
17,姜皓文 Philip Keung,澳门风云2
18,吴樾 Yue Wu,澳门风云2
19,曾国祥 Kwok Cheung Tsang,澳门风云2
20,胡然 Michelle Hu,澳门风云2
21,姜大卫 David Chiang,澳门风云2
0,田晓鹏 XiaoPeng Tian,西游记之大圣归来
1,张磊 Lei Zhang,西游记之大圣归来
2,林子杰 Zijie Lin,西游记之大圣归来
3,吴文伦 Wenlun Wu,西游记之大圣归来
4,童自荣 Zirong Tong,西游记之大圣归来
5,刘九容 Jiurong Liu,西游记之大圣归来
6,吴迪 Di Wu,西游记之大圣归来
7,刘北辰 Beichen Liu,西游记之大圣归来
8,赵乾景 Qian Jing Zhao,西游记之大圣归来
9,周帅 Shuai Zhou,西游记之大圣归来
10,龙行盛世影视文化工作室   ,西游记之大圣归来
0,詹姆斯·卡梅隆 James Cameron,泰坦尼克号3D
1,莱昂纳多·迪卡普里奥 Leonardo DiCaprio,泰坦尼克号3D
2,凯特·温丝莱特 Kate Winslet,泰坦尼克号3D
3,比利·赞恩 Billy Zane,泰坦尼克号3D
4,凯西·贝茨 Kathy Bates,泰坦尼克号3D
5,弗兰西丝·费舍 Frances Fisher,泰坦尼克号3D
6,格劳瑞亚·斯图尔特 Gloria Stuart,泰坦尼克号3D
7,比尔·帕克斯顿 Bill Paxton,泰坦尼克号3D
8,伊万·斯图尔特 Ewan Stewart,泰坦尼克号3D
9,艾恩·格拉法德 Ioan Gruffudd,泰坦尼克号3D
10,保罗·赫伯特 Paul Herbert,泰坦尼克号3D
11,安妮·弗莱彻 Anne Fletcher,泰坦尼克号3D
12,詹姆斯·卡梅隆 James Cameron,泰坦尼克号3D
13,大卫·沃纳 David Warner,泰坦尼克号3D
14,维克托·加柏 Victor Garber,泰坦尼克号3D
15,乔纳森·海德 Jonathan Hyde,泰坦尼克号3D
16,詹妮特·戈德斯坦恩 Jenette Goldstein,泰坦尼克号3D
17,西蒙·克莱恩 Simon Crane,泰坦尼克号3D
18,马丁·莱英 Martin Laing,泰坦尼克号3D
19,凯文·德·拉·诺伊 Kevin De La Noy,泰坦尼克号3D
20,史蒂文·奎里 Steven Quale,泰坦尼克号3D
0,管虎 Hu Guan,老炮儿
1,冯小刚 Xiaogang Feng,老炮儿
2,张涵予 Hanyu Zhang,老炮儿
3,许晴 Summer Xu,老炮儿
4,李易峰 Yifeng Li,老炮儿
5,刘桦 Hua Liu,老炮儿
6,吴亦凡 Kris Wu,老炮儿
7,白举纲 Pax Congo,老炮儿
8,梁静 Jing Liang,老炮儿
9,尚语贤 Yuxian Shang,老炮儿
10,于和伟 Hewei Yu,老炮儿
11,连奕名 Yiming Lian,老炮儿
12,王源 Roy Wang,老炮儿
13,王俊凯 Karry Wang,老炮儿
14,易烊千玺 Jackson,老炮儿
0,苏伦 Lun Su,超时空同居
1,雷佳音 Jiayin Lei,超时空同居
2,佟丽娅 Liya Tong,超时空同居
3,徐峥 Zheng Xu,超时空同居
4,陶虹 Hong Tao,超时空同居
5,李念 Nian Li,超时空同居
6,李光洁 Guangjie Li,超时空同居
7,杨迪 Di Yang,超时空同居
0,雷尼·哈林 Renny Harlin,绝地逃亡
1,成龙 Jackie Chan,绝地逃亡
2,约翰尼·诺克斯维尔 Johnny Knoxville,绝地逃亡
3,范冰冰 Bingbing Fan,绝地逃亡
4,曾志伟 Eric Tsang,绝地逃亡
5,伊娃·托雷斯 Eve Torres,绝地逃亡
6,赵文瑄 Winston Chao,绝地逃亡
7,延政勋 Zhengxun Yan,绝地逃亡
8,施诗 Kira,绝地逃亡
9,王敏德 Michael Wong,绝地逃亡
10,郭品超 Dylan Kuo,绝地逃亡
11,张蓝心 Lan-xin Zhang,绝地逃亡
12,托默·奥兹 Tomer Oz,绝地逃亡
13,保罗·菲利普·克拉克 Paul Philip Clark,绝地逃亡
14,乔尔·阿德里安 Joel Adrian,绝地逃亡
15,吉丽 Lily Ji,绝地逃亡
16,马铁摩 Temur Mamisashvili,绝地逃亡
17,安德鲁·达兹 Andrew Dasz,绝地逃亡
0,徐克 Hark Tsui,智取威虎山
1,张涵予 Hanyu Zhang,智取威虎山
2,梁家辉 Tony Leung Ka Fai,智取威虎山
3,林更新 Kenny Lin,智取威虎山
4,余男 Nan Yu,智取威虎山
5,佟丽娅 Liya Tong,智取威虎山
6,韩庚 Geng Han,智取威虎山
7,陈晓 Xiao Chen,智取威虎山
8,谢苗 Miu Tse,智取威虎山
9,孙蛟龙 Jiaolong Sun,智取威虎山
10,元武 Wu Yuan,智取威虎山
11,王尧 Yao Wang,智取威虎山
12,杨一威 Yiwei Yang,智取威虎山
13,杜奕衡 Mark Du,智取威虎山
14,海一天 Yitian Hai,智取威虎山
15,肖轶 Yi Xiao,智取威虎山
16,张永达 Yongda Zhang,智取威虎山
17,韩飞行 Fei-xing Han,智取威虎山
18,吴旭东 Xudong Wu,智取威虎山
19,张立 Li Zhang,智取威虎山
20,释延能 Yanneng Shi,智取威虎山
21,程思寒 Sihan Cheng,智取威虎山
0,成龙 Jackie Chan,十二生肖
1,成龙 Jackie Chan,十二生肖
2,权相佑 Sang-woo Kwon,十二生肖
3,廖凡 Fan Liao,十二生肖
4,罗娜· 韦斯贝克尔 Laura Weissbecker,十二生肖
5,张蓝心 Lan-xin Zhang,十二生肖
6,姚星彤 Anna Yao,十二生肖
7,舒淇 Hsu Chi,十二生肖
8,吴彦祖 Daniel Wu,十二生肖
9,李宗盛 Jonathan Lee,十二生肖
10,陈柏霖 Berlin Chen,十二生肖
11,王庆祥 Qingxiang Wang,十二生肖
12,白冰 Ice,十二生肖
13,林鹏 Peng Lin,十二生肖
14,卢惠光 Kenneth Lo,十二生肖
15,凯特琳·戴雪儿 Caitlin Dechelle,十二生肖
16,刘承俊 Sung-junYoo,十二生肖
17,姜文 Wen Jiang,十二生肖
18,施祖南 Vincent Sze,十二生肖
19,保罗·菲利普·克拉克 Paul Philip Clark,十二生肖
20,房祖名 Jaycee Chan,十二生肖
21,白平 Bing Bai,十二生肖
22,奥利弗·普莱特 Oliver Platt,十二生肖
0,克里斯托夫·迈考利 Christopher McQuarrie,碟中谍5：神秘国度
1,汤姆·克鲁斯 Tom Cruise,碟中谍5：神秘国度
2,丽贝卡·弗格森 Rebecca Ferguson,碟中谍5：神秘国度
3,杰瑞米·雷纳 Jeremy Renner,碟中谍5：神秘国度
4,西蒙·佩吉 Simon Pegg,碟中谍5：神秘国度
5,亚历克·鲍德温 Alec Baldwin,碟中谍5：神秘国度
6,文·瑞姆斯 Ving Rhames,碟中谍5：神秘国度
7,肖恩·哈里斯 Sean Harris,碟中谍5：神秘国度
8,阿美莉嘉·奥利沃 America Olivo,碟中谍5：神秘国度
9,西蒙·迈克伯尼 Simon McBurney,碟中谍5：神秘国度
10,张静初 Jingchu Zhang,碟中谍5：神秘国度
11,豪尔赫·莱昂马丁内斯 Jorge Leon Martinez,碟中谍5：神秘国度
12,赫敏·科菲尔德 Hermione Corfield,碟中谍5：神秘国度
13,托尼·保罗·韦斯特 Tony Paul West,碟中谍5：神秘国度
14,拉斯科·阿特金斯 Lasco Atkins,碟中谍5：神秘国度
15,安娜斯塔西亚·哈罗德 Anastasia Harrold,碟中谍5：神秘国度
16,沃克斯豪尔·杰梅因 Vauxhall Jermaine,碟中谍5：神秘国度
17,丹尼尔·哈兰德 Daniel Harland,碟中谍5：神秘国度
18,杰西卡·威廉姆斯 Jessica Williams,碟中谍5：神秘国度
19,丹尼斯·科洛斯克 Denis Khoroshko,碟中谍5：神秘国度
20,焦阿基诺·吉姆·库.. Gioacchino Jim Cuf..,碟中谍5：神秘国度
21,阿图尔·沙玛 Atul Sharma,碟中谍5：神秘国度
22,理查德·班克斯 Richard Banks,碟中谍5：神秘国度
23,明格斯·约翰斯顿 Mingus Johnston,碟中谍5：神秘国度
0,J·J·艾布拉姆斯 J.J. Abrams,星球大战：原力觉醒
1,哈里森·福特 Harrison Ford,星球大战：原力觉醒
2,马克·哈米尔 Mark Hamill,星球大战：原力觉醒
3,凯丽·费雪 Carrie Fisher,星球大战：原力觉醒
4,亚当·德赖弗 Adam Driver,星球大战：原力觉醒
5,黛茜·雷德利 Daisy Ridley,星球大战：原力觉醒
6,约翰·波耶加 John Boyega,星球大战：原力觉醒
7,奥斯卡·伊萨克 Oscar Isaac,星球大战：原力觉醒
8,露皮塔·尼永奥 Lupita Nyong&#39;o,星球大战：原力觉醒
9,安迪·瑟金斯 Andy Serkis,星球大战：原力觉醒
10,多姆纳尔·格里森 Domhnall Gleeson,星球大战：原力觉醒
11,彼特·梅犹 Peter Mayhew,星球大战：原力觉醒
12,格温多兰·克里斯蒂 Gwendoline Christie,星球大战：原力觉醒
13,安东尼·丹尼尔斯 Anthony Daniels,星球大战：原力觉醒
14,肯尼·贝克 Kenny Baker,星球大战：原力觉醒
15,沃维克·戴维斯 Warwick Davis,星球大战：原力觉醒
16,马克斯·冯·西多 Max von Sydow,星球大战：原力觉醒
17,麦茜·理查德森·塞.. Maisie Richardson ..,星球大战：原力觉醒
18,克丽丝特尔·克拉克 Crystal Clarke,星球大战：原力觉醒
19,比莉·凯瑟琳·劳德 Billie Catherine L..,星球大战：原力觉醒
20,马克·斯坦利 Mark Stanley,星球大战：原力觉醒
21,伊科·乌艾斯 Iko Uwais,星球大战：原力觉醒
22,雅彦·鲁伊安 Yayan Ruhian,星球大战：原力觉醒
23,格雷戈·格伦伯格 Greg Grunberg,星球大战：原力觉醒
24,马克·普雷斯顿 Mark Preston,星球大战：原力觉醒
25,西蒙·佩吉 Simon Pegg,星球大战：原力觉醒
26,肯·梁 Ken Leung,星球大战：原力觉醒
27,基兰·沙赫 Kiran Shah,星球大战：原力觉醒
0,陈思诚 Sicheng Chen,唐人街探案
1,王宝强 Baoqiang Wang,唐人街探案
2,刘昊然 Haoran Liu,唐人街探案
3,佟丽娅 Liya Tong,唐人街探案
4,陈赫 Michael Chen,唐人街探案
5,小沈阳 Xiao Shenyang,唐人街探案
6,肖央 Shawn,唐人街探案
7,潘粤明 Yueming Pan,唐人街探案
8,马浴柯 Marc Ma,唐人街探案
9,赵英俊 Yingjun Zhao,唐人街探案
10,张子枫 Wendy,唐人街探案
11,桑平 Ping Sang,唐人街探案
12,金士杰 Shijie Jin,唐人街探案
13,大鹏 Peng Da,唐人街探案
14,张国强 Kwok Keung Cheung,唐人街探案
15,叶青 Qing Ye,唐人街探案
16,陈祉希 Zhixi Chen,唐人街探案
17,潘斌龙 Binlong Pan,唐人街探案
18,张大大 Zhang Dada,唐人街探案
19,戴默 Dai Mo,唐人街探案
20,席小唐 Xi Xiaotang,唐人街探案
0,张一白 Yibai Zhang,从你的全世界路过
1,邓超 Chao Deng,从你的全世界路过
2,白百何 Fay Bai,从你的全世界路过
3,杨洋 Yang Yang,从你的全世界路过
4,张天爱 Crystal Zhang,从你的全世界路过
5,岳云鹏 Yunpeng Yue,从你的全世界路过
6,柳岩 Ada,从你的全世界路过
7,杜鹃 Jennifer Du,从你的全世界路过
8,廖学秋 Xueqiu Liao,从你的全世界路过
9,安韩瑾 Hanjin An,从你的全世界路过
10,曹卫宇 Weiyu Cao,从你的全世界路过
11,汪启楠 Qinan Wang,从你的全世界路过
12,潘肖 Xiao Pan,从你的全世界路过
13,曹涤非 Difei Cao,从你的全世界路过
14,朱红 Hong Zhu,从你的全世界路过
15,刘乐思 Lesi Liu,从你的全世界路过
16,蓝可 Ke Lan,从你的全世界路过
17,梁超 Chao Liang,从你的全世界路过
18,张爱钦 Aiqin Zhang,从你的全世界路过
19,张美娥 Meie Zhang,从你的全世界路过
20,天津磨铁娱乐有限公司   ,从你的全世界路过
0,布莱恩·辛格 Bryan Singer,X战警：天启
1,詹姆斯·麦卡沃伊 James McAvoy,X战警：天启
2,迈克尔·法斯宾德 Michael Fassbender,X战警：天启
3,詹妮弗·劳伦斯 Jennifer Lawrence,X战警：天启
4,尼古拉斯·霍尔特 Nicholas Hoult,X战警：天启
5,伊万·彼得斯 Evan Peters,X战警：天启
6,索菲·特纳 Sophie Turner,X战警：天启
7,泰尔·谢里丹 Tye Sheridan,X战警：天启
8,亚历山德拉·西普 Alexandra Shipp,X战警：天启
9,柯蒂·斯密特-麦菲 Kodi Smit-McPhee,X战警：天启
10,奥斯卡·伊萨克 Oscar Isaac,X战警：天启
11,萝丝·拜恩 Rose Byrne,X战警：天启
12,本·哈迪 Ben Hardy,X战警：天启
13,拉娜·孔多尔 Lana Condor,X战警：天启
14,奥立薇娅·玛恩 Olivia Munn,X战警：天启
15,卢卡斯·提尔 Lucas Till,X战警：天启
16,斯坦·李 Stan Lee,X战警：天启
17,乔什·赫尔曼 Josh Helman,X战警：天启
18,托马斯·雷玛奎斯 T&amp;#243;mas Lemarquis,X战警：天启
19,乔·科布登 Joe Cobden,X战警：天启
0,薛晓路 Xiaolu Xue,北京遇上西雅图之不二情书
1,汤唯 Wei Tang,北京遇上西雅图之不二情书
2,吴秀波 Wu Xiubo,北京遇上西雅图之不二情书
3,秦沛 Paul Chun,北京遇上西雅图之不二情书
4,惠英红 Kara Hui,北京遇上西雅图之不二情书
5,吴彦姝 Yanshu Wu,北京遇上西雅图之不二情书
6,王志文 Zhiwen Wang,北京遇上西雅图之不二情书
7,陆毅 Yi Lu,北京遇上西雅图之不二情书
8,祖峰 Feng Zu,北京遇上西雅图之不二情书
9,刘志宏 Zhi-hong Liu,北京遇上西雅图之不二情书
10,颜卓灵 Cherry Ngan,北京遇上西雅图之不二情书
11,王茜 Qi Wang,北京遇上西雅图之不二情书
12,张一白 Yibai Zhang,北京遇上西雅图之不二情书
13,李璨琛 Sam Lee,北京遇上西雅图之不二情书
14,陈创 Chuang Chen,北京遇上西雅图之不二情书
15,韩张 Zhang Han,北京遇上西雅图之不二情书
16,韩张 Zhang Han,北京遇上西雅图之不二情书
17,艾丽娅 Ailiya,北京遇上西雅图之不二情书
18,娜依 Yi Na,北京遇上西雅图之不二情书
19,王延明 Yan Ming Wang,北京遇上西雅图之不二情书
20,闫锐 Rui Yan,北京遇上西雅图之不二情书
0,乔·沃茨 Jon Watts,蜘蛛侠：英雄归来
1,汤姆·赫兰德 Tom Holland,蜘蛛侠：英雄归来
2,玛丽莎·托梅 Marisa Tomei,蜘蛛侠：英雄归来
3,赞达亚 Zendaya,蜘蛛侠：英雄归来
4,小罗伯特·唐尼 Robert Downey Jr.,蜘蛛侠：英雄归来
5,迈克尔·基顿 Michael Keaton,蜘蛛侠：英雄归来
6,罗根·马歇尔-格林 Logan Marshall-Green,蜘蛛侠：英雄归来
7,马丁·斯塔尔 Martin Starr,蜘蛛侠：英雄归来
8,乔娜·肖 Jona Xiao,蜘蛛侠：英雄归来
9,托尼·雷沃罗利 Tony Revolori ,蜘蛛侠：英雄归来
10,劳拉·海瑞尔 Laura Harrier,蜘蛛侠：英雄归来
11,迈克尔·巴比耶里 Michael Barbieri,蜘蛛侠：英雄归来
12,唐纳德·格洛沃 Donald Glover,蜘蛛侠：英雄归来
13,肯尼斯·崔 Kenneth Choi,蜘蛛侠：英雄归来
14,汉尼拔·布列斯 Hannibal Buress,蜘蛛侠：英雄归来
15,迈克尔·曼多 Michael Mando,蜘蛛侠：英雄归来
16,博基姆·伍德拜因 Bokeem Woodbine,蜘蛛侠：英雄归来
17,阿布拉罕·阿塔 Abraham Attah,蜘蛛侠：英雄归来
18,小豪尔赫·兰登伯格 Jorge Lendeborg Jr.,蜘蛛侠：英雄归来
19,安格瑞·瑞思 Angourie Rice,蜘蛛侠：英雄归来
20,嘉丝莉·毕薇斯 Garcelle Beauvais,蜘蛛侠：英雄归来
21,迈克尔·哲努斯 Michael Chernus,蜘蛛侠：英雄归来
22,克里斯托弗·贝瑞 Christopher Berry,蜘蛛侠：英雄归来
23,玛莎·凯莉 Martha Kelly,蜘蛛侠：英雄归来
24,泰伦·伍德利 Tyron Woodley,蜘蛛侠：英雄归来
25,图恩德·阿德毕木培 Tunde Adebimpe,蜘蛛侠：英雄归来
26,乔恩·费儒 Jon Favreau,蜘蛛侠：英雄归来
27,尼古拉斯·沃尔夫 Nickolas Wolf,蜘蛛侠：英雄归来
28,格雷戈里·法兰奇 Gregory French,蜘蛛侠：英雄归来
0,叶伟信 Wilson Yip,叶问3
1,甄子丹 Donnie Yen,叶问3
2,张晋 Max Zhang,叶问3
3,谭耀文 Patrick Tam,叶问3
4,熊黛林 Lynn Xiong,叶问3
5,迈克·泰森 Mike Tyson,叶问3
6,吴千语 Karena Ng,叶问3
7,郑则仕 Kent Cheng,叶问3
8,梁家仁 Ka-Yan Leung,叶问3
9,张继聪 Louis Cheung,叶问3
10,陈国坤 Kwok Kuen Chan,叶问3
11,蔡瀚亿 Babyjohn Choi,叶问3
0,彼得·杰克逊 Peter Jackson,霍比特人3：五军之战
1,马丁·弗瑞曼 Martin Freeman,霍比特人3：五军之战
2,伊恩·麦克莱恩 Ian McKellen,霍比特人3：五军之战
3,本尼迪克特·康伯巴奇 Benedict Cumberbatch,霍比特人3：五军之战
4,卢克·伊万斯 Luke Evans,霍比特人3：五军之战
5,奥兰多·布鲁姆 Orlando Bloom,霍比特人3：五军之战
6,伊万杰琳·莉莉 Evangeline Lilly,霍比特人3：五军之战
7,伊利亚·伍德 Elijah Wood,霍比特人3：五军之战
8,凯特·布兰切特 Cate Blanchett,霍比特人3：五军之战
9,雨果·维文 Hugo Weaving,霍比特人3：五军之战
10,理查德·阿米蒂奇 Richard Armitage,霍比特人3：五军之战
11,克里斯托弗·李 Christopher Lee,霍比特人3：五军之战
12,比利·康诺利 Billy Connolly,霍比特人3：五军之战
13,李·佩斯 Lee Pace,霍比特人3：五军之战
14,伊安·霍姆 Ian Holm,霍比特人3：五军之战
15,艾丹·特纳 Aidan Turner,霍比特人3：五军之战
16,米克尔·佩斯勃兰特 Mikael Persbrandt,霍比特人3：五军之战
17,詹姆斯·内斯比特 James Nesbitt,霍比特人3：五军之战
18,布雷特·麦肯奇 Bret McKenzie,霍比特人3：五军之战
19,格拉汉姆·麦克塔维什 Graham McTavish,霍比特人3：五军之战
20,约翰·贝尔 John Bell,霍比特人3：五军之战
21,柯南·史蒂文斯 Conan Stevens,霍比特人3：五军之战
22,西尔维斯特·麦考伊 Sylvester McCoy,霍比特人3：五军之战
23,迪恩·奥戈尔曼 Dean O&#39;Gorman,霍比特人3：五军之战
24,肯·斯托特 Ken Stott,霍比特人3：五军之战
25,杰德·布罗菲 Jed Brophy,霍比特人3：五军之战
26,史蒂芬·亨特 Stephen Hunter,霍比特人3：五军之战
27,威廉·柯切尔 William Kircher,霍比特人3：五军之战
28,亚当·布朗 Adam Brown,霍比特人3：五军之战
29,马克·海德罗 Mark Hadlow,霍比特人3：五军之战
30,约翰·卡伦 John Callen,霍比特人3：五军之战
31,彼得·汉布尔顿 Peter Hambleton,霍比特人3：五军之战
32,马努·贝内特 Manu Bennett,霍比特人3：五军之战
33,史蒂芬·科拜尔 Stephen Colbert,霍比特人3：五军之战
0,王宝强 Baoqiang Wang,大闹天竺
1,王宝强 Baoqiang Wang,大闹天竺
2,白客 Baike,大闹天竺
3,柳岩 Ada,大闹天竺
4,岳云鹏 Yunpeng Yue,大闹天竺
0,克里斯托弗·诺兰 Christopher Nolan,星际穿越
1,马修·麦康纳 Matthew McConaughey,星际穿越
2,安妮·海瑟薇 Anne Hathaway,星际穿越
3,杰西卡·查斯坦 Jessica Chastain,星际穿越
4,比尔·欧文 Bill Irwin,星际穿越
5,艾伦·波斯蒂恩 Ellen Burstyn,星际穿越
6,迈克尔·凯恩 Michael Caine,星际穿越
7,韦斯·本特利 Wes Bentley,星际穿越
8,托弗·戈瑞斯 Topher Grace,星际穿越
9,麦肯芝·弗依 Mackenzie Foy,星际穿越
10,约翰·利特高 John Lithgow,星际穿越
11,大卫·奥伊罗 David Oyelowo,星际穿越
12,伊莱耶斯·加贝尔 Elyes Gabel,星际穿越
13,提莫西·查拉梅 Timoth&amp;#233;e Chalamet,星际穿越
14,大卫·吉亚斯 David Gyasi,星际穿越
15,利亚姆·迪肯森 Liam Dickinson,星际穿越
16,马特·达蒙 Matt Damon,星际穿越
17,蕾亚·凯恩斯 Leah Cairns,星际穿越
18,克里斯蒂安·范·德·海登 Kristian Van der Heyden,星际穿越
19,威廉·德瓦内 William Devane,星际穿越
20,卡西·阿弗莱克 Casey Affleck,星际穿越
21,柯莱特·沃尔芙 Collette Wolfe,星际穿越
22,弗兰西斯·X·麦卡锡 Francis X. McCarthy,星际穿越
23,马龙·桑德斯 Marlon Sanders,星际穿越
24,威廉·帕特里克·布朗 William Patrick Br..,星际穿越
25,马可·卡西米尔·迪.. Mark Casimir Dynie..,星际穿越
26,安德鲁·波尔巴 Andrew Borba,星际穿越
27,杰夫·海普纳 Jeff Hephner,星际穿越
0,沙恩·布莱克 Shane Black,钢铁侠3
1,小罗伯特·唐尼 Robert Downey Jr.,钢铁侠3
2,格温妮丝·帕特洛 Gwyneth Paltrow,钢铁侠3
3,唐·钱德尔 Don Cheadle,钢铁侠3
4,本·金斯利 Ben Kingsley,钢铁侠3
5,盖·皮尔斯 Guy Pearce,钢铁侠3
6,丽贝卡·豪尔 Rebecca Hall,钢铁侠3
7,詹姆斯·贝吉·戴尔 James Badge Dale,钢铁侠3
8,保罗·贝坦尼 Paul Bettany,钢铁侠3
9,乔恩·费儒 Jon Favreau,钢铁侠3
10,泰·辛普金斯 Ty Simpkins,钢铁侠3
11,威廉姆·赛德勒 William Sadler,钢铁侠3
12,斯坦·李 Stan Lee,钢铁侠3
13,王学圻 Xueqi Wang,钢铁侠3
14,斯蒂芬妮·莎丝泰克 Stephanie Szostak,钢铁侠3
15,伊温·兹玛 Yvonne Zima,钢铁侠3
16,黛尔·迪奇 Dale Dickey,钢铁侠3
17,阿什利·汉弥尔顿 Ashley Hamilton,钢铁侠3
18,布里吉·扎迪纳 Bridger Zadina,钢铁侠3
19,斯宾塞·加勒特 Spencer Garrett,钢铁侠3
20,克里斯·格哈德 Chris Gethard,钢铁侠3
21,约瑟夫·韦莱斯 Joseph Velez,钢铁侠3
22,罗伊·麦克凯里 Roy McCrerey,钢铁侠3
23,卡洛琳·弗兰德 Carolyn Foland,钢铁侠3
24,劳拉·艾弗瑞 Laura Avery,钢铁侠3
25,安亚崔恩克亚 T.C. Anyachonkeya,钢铁侠3
26,罗根·班尼特 Logan Bennett,钢铁侠3
27,莎奇拉·布洛凯特 Sharika Blockett,钢铁侠3
28,克里斯·高索 Chris Cozort,钢铁侠3
29,布雷顿·唐纳文 Brenden Donovan,钢铁侠3
30,史蒂夫·欧内斯特 Steve Earnest,钢铁侠3
31,迪恩·艾伦·琼斯 Dean Allen Jones,钢铁侠3
32,查德·库尔茨 Chad Kurtz,钢铁侠3
33,坦纳·拉格斯卡 Tanner Lagasca,钢铁侠3
34,凯斯·米德尔布鲁克 Keith Middlebrook,钢铁侠3
35,布赖恩·帕特里克·.. Brian Patrick Moize,钢铁侠3
36,雷·瑞米拉德 Ray Remillard,钢铁侠3
37,约翰L·史密斯Jr John L. Smith Jr.,钢铁侠3
38,吉娜·特拉维斯 Gina Travis,钢铁侠3
39,米莉·万娜梅克 Millie Wannamaker,钢铁侠3
40,曼米·韦斯特 Memi West,钢铁侠3
41,贾斯丁·威伦 Justin Wheelon,钢铁侠3
42,劳伦斯·怀特讷 Lawrence Whitener,钢铁侠3
43,乌木·威尔逊 Ebony Wilson,钢铁侠3
44,劳伦·约克 Lauren York,钢铁侠3
45,范冰冰 Bingbing Fan,钢铁侠3
46,茵德拉·帕特尔 Indra Patel,钢铁侠3
47,马克·库柏 Mark Kubr,钢铁侠3
48,拉斯泰姆 布莱纳曼 Rustam Branaman,钢铁侠3
49,吉姆·甘特 Jim Gunter,钢铁侠3
50,罗琳·卡波拉索 Lorraine Caporaso,钢铁侠3
51,马克·盖·汤普森 Mark Guy Thompson,钢铁侠3
52,诺亚·林伯格 Noa Lindberg,钢铁侠3
53,斯蒂文·L·科恩 Stephen L. Cohen,钢铁侠3
54,格雷戈里·法兰奇 Gregory French,钢铁侠3
55,凯莉·梅尔埃托 Keri Maletto,钢铁侠3
56,艾瑞克·佩雷斯 Eric Perez,钢铁侠3
57,基斯·拉法柯 Keith Rafalko,钢铁侠3
58,肯尼·威迈克 Kenny Waymack Jr.,钢铁侠3
59,詹娜·奥尔特加 Jenna Ortega,钢铁侠3
60,丹妮丝·瓦斯奎兹 Denise Vasquez,钢铁侠3
61,马库斯·纳蒂维达德  Marcus Natividad,钢铁侠3
62,迈克尔·拉文 Michael Lovern,钢铁侠3
63,梅根·阿露坲 Meghan Aruffo,钢铁侠3
64,马特·奈 Matt Nye,钢铁侠3
65,里奇·巴高莱 Ric Bagoly,钢铁侠3
66,安娜·卡尔德隆 Anna Nalepka,钢铁侠3
67,金泊利·帕克 Kimberly Parker,钢铁侠3
68,莎侬·普拉莫-怀特 Shannon Plummer-Wh..,钢铁侠3
69,迪索·拉莫斯 Diezel Ramos,钢铁侠3
70,曼迪·罗宾逊 Mindy Robinson,钢铁侠3
71,弗兰克·斯柯兹瑞 Frank Scozzari,钢铁侠3
72,威尔·弗拉斯卡 Will Frasca,钢铁侠3
73,兰迪·格瑞齐奥 Randy Grazio,钢铁侠3
74,特雷弗·哈蒙德 Trevor Hammonds,钢铁侠3
75,杰西卡·蒙特维尔 Jessica Montville,钢铁侠3
76,乔纳森·G·里维拉 Jonathan G Rivera,钢铁侠3
77,杰弗里·M·米勒 Jeffrey M. Miller,钢铁侠3
78,史黛西·拉本 Stacy Rabon,钢铁侠3
79,罗恩·斯塔福德 Ron Stafford,钢铁侠3
80,米切尔·叶 Mitchell Yee,钢铁侠3
81,詹妮弗·亚历克西斯·麦克弗森 Jennifer Alexis McPherson,钢铁侠3
82,克里斯多夫·蒂斯丹.. Christopher De Ste..,钢铁侠3
83,托德·戴维斯 Todd Davis,钢铁侠3
84,辛蒂·古迪 Cindy Goudie,钢铁侠3
85,马克·鲁法洛 Mark Ruffalo,钢铁侠3
86,杰森·塔尔马奇 Jason Talmadge,钢铁侠3
87,米盖尔·弗尔 Miguel Ferrer,钢铁侠3
88,肖恩·托布 Shaun Toub,钢铁侠3
89,比尔·马赫 Bill Maher,钢铁侠3
90,琼·里弗斯 Joan Rivers,钢铁侠3
91,亚当·佩里 Adam Pally,钢铁侠3
92,卡伦·莫斯 Cullen Moss,钢铁侠3
93,丽贝卡·麦德 Rebecca Mader,钢铁侠3
94,林登·阿施拜 Linden Ashby,钢铁侠3
95,萨拉·贝克 Sala Baker,钢铁侠3
96,塔拉·麦肯 Tara Macken,钢铁侠3
0,李芳芳 Fangfang Li,无问西东
1,章子怡 Ziyi Zhang,无问西东
2,黄晓明 Xiaoming Huang,无问西东
3,张震 Chang Chen,无问西东
4,王力宏 LeeHom Wang,无问西东
5,陈楚生 Chusheng Chen,无问西东
6,韩童生 Tongsheng Han,无问西东
7,王盛德 Russell Wong,无问西东
8,米雪 Michelle Mee,无问西东
9,保罗·菲利普·克拉克 Paul Philip Clark,无问西东
10,祖峰 Feng Zu,无问西东
0,斯科特·德瑞克森 Scott Derrickson,奇异博士
1,本尼迪克特·康伯巴奇 Benedict Cumberbatch,奇异博士
2,蒂尔达·斯文顿 Tilda Swinton,奇异博士
3,切瓦特·埃加福特 Chiwetel Ejiofor,奇异博士
4,瑞秋·麦克亚当斯 Rachel McAdams,奇异博士
5,麦斯·米科尔森 Mads Mikkelsen,奇异博士
6,迈克尔·斯图巴 Michael Stuhlbarg,奇异博士
7,本尼迪特·王 Benedict Wong,奇异博士
8,艾米·兰德克 Amy Landecker,奇异博士
9,斯科特·阿特金斯 Scott Adkins,奇异博士
10,托尼·保罗·韦斯特 Tony Paul West,奇异博士
0,阿德瓦·香登 Advait Chandan,神秘巨星
1,阿米尔·汗 Aamir Khan,神秘巨星
2,塞伊拉·沃西 Zaira Wasim,神秘巨星
3,梅·维贾 Meher Vij,神秘巨星
4,拉杰·阿晶 Raj Arjun,神秘巨星
5,法鲁克·贾法尔 Farrokh Jaffer,神秘巨星
6,提斯·沙马 Tirth Sharma,神秘巨星
7,卡比尔·谢赫 Kabir Shaikh,神秘巨星
8,马努杰·沙玛 Manuj Sharma,神秘巨星
9,莫娜·安伯加 Mona Ambegaonkar,神秘巨星
10,尚 Shaan,神秘巨星
11,莫纳利·塔库尔 Monali Thakur,神秘巨星
0,李仁港 Daniel Lee,天将雄师
1,成龙 Jackie Chan,天将雄师
2,约翰·库萨克 John Cusack,天将雄师
3,林鹏 Peng Lin,天将雄师
4,崔始源 Si-won Choi,天将雄师
5,阿德里安·布洛迪 Adrien Brody,天将雄师
6,王若心 Amanda,天将雄师
7,梅尔·吉布森 Mel Gibson,天将雄师
8,菲利普·乔利 Philippe Joly,天将雄师
9,邢思杰 Alfred Hsing,天将雄师
10,托默·奥兹 Tomer Oz,天将雄师
11,保罗·菲利普·克拉克 Paul Philip Clark,天将雄师
12,乔尔·阿德里安 Joel Adrian,天将雄师
0,塔伊加·维迪提 Taika Waititi,雷神3：诸神黄昏
1,克里斯·海姆斯沃斯 Chris Hemsworth,雷神3：诸神黄昏
2,汤姆·希德勒斯顿 Tom Hiddleston,雷神3：诸神黄昏
3,马克·鲁法洛 Mark Ruffalo,雷神3：诸神黄昏
4,凯特·布兰切特 Cate Blanchett,雷神3：诸神黄昏
5,伊德瑞斯·艾尔巴 Idris Elba,雷神3：诸神黄昏
6,卡尔·厄本 Karl Urban,雷神3：诸神黄昏
7,本尼迪克特·康伯巴奇 Benedict Cumberbatch,雷神3：诸神黄昏
8,斯坦·李 Stan Lee,雷神3：诸神黄昏
9,泰莎·汤普森 Tessa Thompson,雷神3：诸神黄昏
10,杰米·亚历山大 Jaimie Alexander,雷神3：诸神黄昏
11,卢·费里诺 Lou Ferrigno,雷神3：诸神黄昏
12,安东尼·霍普金斯 Anthony Hopkins,雷神3：诸神黄昏
13,杰夫·高布伦 Jeff Goldblum,雷神3：诸神黄昏
14,克兰西·布朗 Clancy Brown,雷神3：诸神黄昏
15,塔伊加·维迪提 Taika Waititi,雷神3：诸神黄昏
16,瑞秋·豪斯 Rachel House,雷神3：诸神黄昏
17,山姆·尼尔 Sam Neill,雷神3：诸神黄昏
18,雷·史蒂文森 Ray Stevenson,雷神3：诸神黄昏
19,罗勃·梅耶斯 Rob Mayes,雷神3：诸神黄昏
20,浅野忠信 Tadanobu Asano,雷神3：诸神黄昏
0,马特·里夫斯 Matt Reeves,猩球崛起3：终极之战
1,安迪·瑟金斯 Andy Serkis,猩球崛起3：终极之战
2,伍迪·哈里森 Woody Harrelson,猩球崛起3：终极之战
3,朱迪·格雷尔 Judy Greer,猩球崛起3：终极之战
4,史蒂夫·茨恩 Steve Zahn,猩球崛起3：终极之战
5,艾力克斯·保诺维奇 Aleks Paunovic,猩球崛起3：终极之战
6,马克斯·洛伊德-琼斯 Max Lloyd-Jones,猩球崛起3：终极之战
7,泰·奥尔森 Ty Olsson,猩球崛起3：终极之战
8,莎拉·坎宁 Sara Canning,猩球崛起3：终极之战
9,泰瑞·诺塔里 Terry Notary,猩球崛起3：终极之战
10,卡琳·科诺瓦 Karin Konoval,猩球崛起3：终极之战
11,蒂莫西·韦伯 Timothy Webber,猩球崛起3：终极之战
12,亚历桑德罗·朱利安尼 Alessandro Juliani,猩球崛起3：终极之战
13,加布里埃尔·查瓦里亚 Gabriel Chavarria,猩球崛起3：终极之战
14,阿米尔·米勒 Amiah Miller,猩球崛起3：终极之战
15,比利·威克曼 Billy Wickman,猩球崛起3：终极之战
16,劳洛·查坦德 Lauro Chartrand,猩球崛起3：终极之战
0,詹姆斯·曼高德 James Mangold,金刚狼3：殊死一战
1,休·杰克曼 Hugh Jackman,金刚狼3：殊死一战
2,帕特里克·斯图尔特 Patrick Stewart,金刚狼3：殊死一战
3,波伊德·霍布鲁克 Boyd Holbrook,金刚狼3：殊死一战
4,理查德·格兰特 Richard E. Grant,金刚狼3：殊死一战
5,斯戴芬·莫昌特 Stephen Merchant,金刚狼3：殊死一战
6,艾瑞琪·拉·塞拉 Eriq La Salle,金刚狼3：殊死一战
7,伊莉丝·尼尔 Elise Neal,金刚狼3：殊死一战
8,杰伊·奥利弗 Jay Oliver,金刚狼3：殊死一战
9,多瑞丝·莫加多 Doris Morgado,金刚狼3：殊死一战
10,伊丽莎白·罗德里格斯 Elizabeth Rodriguez,金刚狼3：殊死一战
11,朱莉娅·霍特 Julia Holt,金刚狼3：殊死一战
12,马克·阿什沃斯 Mark Ashworth,金刚狼3：殊死一战
13,詹姆斯·摩西·布莱克 James Moses Black,金刚狼3：殊死一战
14,汉·索托 Han Soto,金刚狼3：殊死一战
15,泰德·弗格森 Ted Ferguson,金刚狼3：殊死一战
16,埃里克·贝瑞斯 Eric Berris,金刚狼3：殊死一战
0,郑保瑞 Pou-Soi Cheang,西游记女儿国
1,郭富城 Aaron Kwok,西游记女儿国
2,冯绍峰 Shaofeng Feng,西游记女儿国
3,赵丽颖 Liying Zhao,西游记女儿国
4,小沈阳 Xiao Shenyang,西游记女儿国
5,罗仲谦 Chung Him Law,西游记女儿国
6,林志玲 Chiling Lin,西游记女儿国
7,梁咏琪 Gigi Leung,西游记女儿国
8,刘涛 Tamia Liu,西游记女儿国
9,苑琼丹 King-Tan Yuen,西游记女儿国
10,潘斌龙 Binlong Pan,西游记女儿国
11,孙伊涵 Yi-han Sun,西游记女儿国
12,陈雅丽 Ya-li Chen,西游记女儿国
13,马赛 Sire Ma,西游记女儿国
14,侯梦 Hou Meng,西游记女儿国
15,王路晴 Wang Luqing,西游记女儿国
16,管乐 Yue Guan,西游记女儿国
17,齐琦 Qi Qi,西游记女儿国
18,何昕霖 He Xin Lin,西游记女儿国
19,杨梓邑 Yang Ziyi,西游记女儿国
20,董灵溪 Dong Lingxi,西游记女儿国
0,艾伦·泰勒 Alan Taylor,终结者：创世纪
1,阿诺·施瓦辛格 Arnold Schwarzenegger,终结者：创世纪
2,艾米莉亚·克拉克 Emilia Clarke,终结者：创世纪
3,杰·科特尼 Jai Courtney,终结者：创世纪
4,杰森·克拉克 Jason Clarke,终结者：创世纪
5,李秉宪 Byung-hun Lee,终结者：创世纪
6,艾伦·V·威廉姆森 Aaron V. Williamson,终结者：创世纪
7,J·K·西蒙斯 J.K. Simmons,终结者：创世纪
8,马特·史密斯 Matt Smith,终结者：创世纪
9,桑德琳·霍尔特 Sandrine Holt,终结者：创世纪
10,迈克尔·盖拉迪斯 Michael J.X. Gladis,终结者：创世纪
11,考特尼·万斯 Courtney B. Vance,终结者：创世纪
12,戴奥·奥柯奈伊 Dayo Okeniyi,终结者：创世纪
13,特瑞·沃波 Teri Wyble,终结者：创世纪
14,格里夫·弗斯特 Griff Furst,终结者：创世纪
15,约翰·爱德华·李 John Edward Lee,终结者：创世纪
16,约瑟夫·韦莱斯 Joseph Velez,终结者：创世纪
17,泰瑞·帕克斯 Terry Parks,终结者：创世纪
18,安东尼·迈克尔·弗.. Anthony Michael Fr..,终结者：创世纪
19,道格拉斯·史密斯 Douglas Smith,终结者：创世纪
20,凯莉·奥马利 Kerry O&#39;Malley,终结者：创世纪
21,格雷戈里·艾伦·威.. Gregory Alan Willi..,终结者：创世纪
22,约翰·阿米乔 John L. Armijo,终结者：创世纪
23,克里斯托弗·赫斯基 Christopher Heskey,终结者：创世纪
24,约书亚·米克尔 Joshua Mikel,终结者：创世纪
25,托马斯·墨菲 Thomas Murphy,终结者：创世纪
26,本杰明·伍德 Benjamin Wood,终结者：创世纪
27,道格拉斯·M·格里芬 Douglas M. Griffin,终结者：创世纪
28,凯尔·克莱门茨 Kyle Clements,终结者：创世纪
29,埃尔顿·勒布朗 Elton LeBlanc,终结者：创世纪
30,杰西·亚伯勒 Jesse Yarborough,终结者：创世纪
31,凯瑞·西蒙斯 Kerry Sims,终结者：创世纪
32,埃里克·贝瑞斯 Eric Berris,终结者：创世纪
33,米切尔·叶 Mitchell Yee,终结者：创世纪
34,乔凡尼·席尔瓦 Giovanni Silva,终结者：创世纪
35,迪索·拉莫斯 Diezel Ramos,终结者：创世纪
36,詹姆斯·摩西·布莱克 James Moses Black,终结者：创世纪
37,古斯塔沃·奥尔蒂斯 Gustavo I. Ortiz,终结者：创世纪
38,吉米·登普斯特 Jimmy Dempster,终结者：创世纪
0,布莱恩·辛格 Bryan Singer,X战警：逆转未来
1,休·杰克曼 Hugh Jackman,X战警：逆转未来
2,詹姆斯·麦卡沃伊 James McAvoy,X战警：逆转未来
3,迈克尔·法斯宾德 Michael Fassbender,X战警：逆转未来
4,詹妮弗·劳伦斯 Jennifer Lawrence,X战警：逆转未来
5,彼特·丁拉基 Peter Dinklage,X战警：逆转未来
6,尼古拉斯·霍尔特 Nicholas Hoult,X战警：逆转未来
7,艾伦·佩基 Ellen Page,X战警：逆转未来
8,伊恩·麦克莱恩 Ian McKellen,X战警：逆转未来
9,伊万·彼得斯 Evan Peters,X战警：逆转未来
10,安娜·帕奎因 Anna Paquin,X战警：逆转未来
11,哈莉·贝瑞 Halle Berry,X战警：逆转未来
12,帕特里克·斯图尔特 Patrick Stewart,X战警：逆转未来
13,丹尼尔·库德摩尔 Daniel Cudmore,X战警：逆转未来
14,波波·斯图尔特 BooBoo Stewart,X战警：逆转未来
15,肖恩·阿什莫 Shawn Ashmore,X战警：逆转未来
16,范冰冰 Bingbing Fan,X战警：逆转未来
17,奥马·希 Omar Sy,X战警：逆转未来
18,卢卡斯·提尔 Lucas Till,X战警：逆转未来
19,拉里·戴 Larry Day,X战警：逆转未来
0,赵薇 Vicki Zhao,致我们终将逝去的青春
1,赵又廷 Mark Chao,致我们终将逝去的青春
2,韩庚 Geng Han,致我们终将逝去的青春
3,杨子姗 Zishan Yang,致我们终将逝去的青春
4,江疏影 Shu-ying Jiang,致我们终将逝去的青春
5,郑恺 Ryan Zheng,致我们终将逝去的青春
6,包贝尔 Beier Bao,致我们终将逝去的青春
7,佟丽娅 Liya Tong,致我们终将逝去的青春
8,马天宇 Tianyu Ma,致我们终将逝去的青春
9,韩红 Hong Han,致我们终将逝去的青春
10,张瑶 Yiyad,致我们终将逝去的青春
11,杨澜 Lan Yang,致我们终将逝去的青春
0,安东尼·罗素 Anthony Russo,美国队长2：冬日战士
1,乔·罗素 Joe Russo,美国队长2：冬日战士
2,克里斯·埃文斯 Chris Evans,美国队长2：冬日战士
3,塞巴斯蒂安·斯坦 Sebastian Stan,美国队长2：冬日战士
4,斯嘉丽·约翰逊 Scarlett Johansson,美国队长2：冬日战士
5,塞缪尔·杰克逊 Samuel L. Jackson,美国队长2：冬日战士
6,罗伯特·雷德福 Robert Redford,美国队长2：冬日战士
7,寇碧·史莫德斯 Cobie Smulders,美国队长2：冬日战士
8,海莉·阿特维尔 Hayley Atwell,美国队长2：冬日战士
9,安东尼·麦凯 Anthony Mackie,美国队长2：冬日战士
10,托比·琼斯 Toby Jones,美国队长2：冬日战士
11,弗兰克·格里罗 Frank Anthony Grillo,美国队长2：冬日战士
12,卡兰·穆尔韦 Callan Mulvey,美国队长2：冬日战士
13,多米尼克·库珀 Dominic Cooper,美国队长2：冬日战士
14,斯坦·李 Stan Lee,美国队长2：冬日战士
15,珍妮·艾加特 Jenny Agutter,美国队长2：冬日战士
16,阿兰·戴尔 Alan Dale,美国队长2：冬日战士
17,黄经汉 Chin Han,美国队长2：冬日战士
18,盖瑞·山德林 Garry Shandling,美国队长2：冬日战士
19,保罗J·波特 Paul J. Porter,美国队长2：冬日战士
20,布伦特·麦基 Brent McGee,美国队长2：冬日战士
21,艾米丽·万凯普 Emily VanCamp,美国队长2：冬日战士
0,冯小刚 Xiaogang Feng,私人订制
1,葛优 You Ge,私人订制
2,白百何 Fay Bai,私人订制
3,李小璐 Xiaolu Li,私人订制
4,范伟 Wei Fan,私人订制
5,郑恺 Ryan Zheng,私人订制
6,宋丹丹 Dandan Song,私人订制
7,李诚儒 Chengru Li,私人订制
8,王宝强 Baoqiang Wang,私人订制
9,苗圃 Pu Miao,私人订制
10,杜家毅 Jiayi Du,私人订制
11,梁天 Tian Liang,私人订制
12,关晓彤 Xiaotong Guan,私人订制
13,曹炳琨 Bingkun Cao,私人订制
14,成龙 Jackie Chan,私人订制
15,李咏 Yong Lee,私人订制
0,马特·里夫斯 Matt Reeves,猩球崛起2：黎明之战
1,安迪·瑟金斯 Andy Serkis,猩球崛起2：黎明之战
2,加里·奥德曼 Gary Oldman,猩球崛起2：黎明之战
3,杰森·克拉克 Jason Clarke,猩球崛起2：黎明之战
4,朱迪·格雷尔 Judy Greer,猩球崛起2：黎明之战
5,凯丽·拉塞尔 Keri Russell,猩球崛起2：黎明之战
6,安吉拉·克勒科兹 Angela Kerecz,猩球崛起2：黎明之战
7,托比·凯贝尔 Toby Kebbell,猩球崛起2：黎明之战
8,柯克·埃斯沃多 Kirk Acevedo,猩球崛起2：黎明之战
9,柯蒂·斯密特-麦菲 Kodi Smit-McPhee,猩球崛起2：黎明之战
10,凯文·兰金 Kevin Rankin,猩球崛起2：黎明之战
11,吉尔·奥唐奈 Keir O&#39;Donnell,猩球崛起2：黎明之战
12,恩里克·穆西安诺 Enrique Murciano,猩球崛起2：黎明之战
13,J.D·艾非墨 J.D. Evermore,猩球崛起2：黎明之战
14,约翰·阿米乔 John L. Armijo,猩球崛起2：黎明之战
15,克里斯托弗·贝瑞 Christopher Berry,猩球崛起2：黎明之战
16,李·罗斯 Lee Ross,猩球崛起2：黎明之战
17,史蒂文·韦格 Steven Wiig,猩球崛起2：黎明之战
18,穆斯塔法·哈里斯 Mustafa Harris,猩球崛起2：黎明之战
19,提摩西·怀安特 Timothy Wyant,猩球崛起2：黎明之战
20,爱德华·J·克莱尔 Edward J. Clare,猩球崛起2：黎明之战
21,莫尼卡·雷内·安德森 Monica Rene&#39;e Ande..,猩球崛起2：黎明之战
22,凯瑞·西蒙斯 Kerry Sims,猩球崛起2：黎明之战
23,埃尔顿·勒布朗 Elton LeBlanc,猩球崛起2：黎明之战
24,龚家骅 Anthony A. Kung,猩球崛起2：黎明之战
25,蒂莫西·皮克勒斯 Timothy Pickles,猩球崛起2：黎明之战
26,里奇·J·拉德纳 Richie J. Ladner,猩球崛起2：黎明之战
27,迪索·拉莫斯 Diezel Ramos,猩球崛起2：黎明之战
0,让-雅克·阿诺 Jean Jacques Annaud,狼图腾
1,冯绍峰 Shaofeng Feng,狼图腾
2,窦骁 Shawn Dou,狼图腾
3,安赫尼玛 Enkhnima,狼图腾
4,尹铸胜 Zhusheng Yin,狼图腾
5,巴森扎布 Basenzhbu,狼图腾
0,乌尔善 Wuershan,画皮2
1,赵薇 Vicki Zhao,画皮2
2,周迅 Xun Zhou,画皮2
3,陈坤 Kun Chen,画皮2
4,杨幂 Mini Yang,画皮2
5,冯绍峰 Shaofeng Feng,画皮2
6,陈廷嘉 Tingjia Chen,画皮2
7,费翔 Kris Phillips,画皮2
8,柯彤 Crystal Ke,画皮2
9,孙建魁 Sun Jian Kui,画皮2
0,丁晟 Sheng Ding,铁道飞虎
1,成龙 Jackie Chan,铁道飞虎
2,黄子韬 Z.TAO,铁道飞虎
3,王凯 Kai Wang,铁道飞虎
4,池内博之 Hiroyuki Ikeuchi,铁道飞虎
5,桑平 Ping Sang,铁道飞虎
6,吴永伦 Alan Ng,铁道飞虎
7,王大陆 Dalu Wang,铁道飞虎
8,徐帆 Fan Xu,铁道飞虎
9,矢野浩二 Yano Koji,铁道飞虎
10,张蓝心 Lan-xin Zhang,铁道飞虎
11,张艺上 Yishang Zhang,铁道飞虎
12,那威 Wei Na,铁道飞虎
13,何云伟 Yunwei He,铁道飞虎
14,耿长军 Asano Nagahide,铁道飞虎
15,刘頔 Natas Asoka,铁道飞虎
16,柳海龙 Hailong Liu,铁道飞虎
0,谢涤葵 Dikui Xie,爸爸去哪儿
1,林妍 Yan lin,爸爸去哪儿
2,小小志 Kimi Lin,爸爸去哪儿
3,王诗龄 Angela,爸爸去哪儿
4,郭子睿 Patrick Guo,爸爸去哪儿
5,田雨橙 Cindy,爸爸去哪儿
6,张悦轩 Yuexuan Zhang,爸爸去哪儿
7,林志颖 Jimmy Lin,爸爸去哪儿
8,田亮 Leon Tian,爸爸去哪儿
9,郭涛 Tao Guo,爸爸去哪儿
10,王岳伦 Yuelun Wang,爸爸去哪儿
11,张亮 Sean,爸爸去哪儿
12,李锐 Rui Li,爸爸去哪儿
13,何炅 Jiong He,爸爸去哪儿
0,郭子健 Derek Kwok,悟空传
1,彭于晏 Eddie Peng,悟空传
2,余文乐 Shawn Yue,悟空传
3,倪妮 Ni Ni,悟空传
4,欧豪 Oho Ou,悟空传
5,郑爽 Shuang Zheng,悟空传
6,俞飞鸿 Faye Yu ,悟空传
7,乔杉 Qiao Shan,悟空传
8,天津磨铁娱乐有限公司   ,悟空传
9,天津磨铁娱乐有限公司   ,悟空传
0,吉尔莫·德尔·托罗 Guillermo del Toro,环太平洋
1,查理·汉纳姆 Charlie Hunnam,环太平洋
2,菊地凛子 Rinko Kikuchi,环太平洋
3,伊德瑞斯·艾尔巴 Idris Elba,环太平洋
4,朗·普尔曼 Ron Perlman,环太平洋
5,查理·戴 Charlie Day,环太平洋
6,伯恩·戈曼 Burn Gorman,环太平洋
7,罗伯特·梅耶 Robert Maillet,环太平洋
8,小克利夫顿·克林斯 Clifton Collins Jr.,环太平洋
9,罗伯特·卡辛斯基 Robert Kazinsky,环太平洋
10,布拉德·威廉姆·亨克 Brad William Henke,环太平洋
11,乔·平格 Joe Pingue,环太平洋
12,芦田爱菜 Mana Ashida,环太平洋
0,扎克·施奈德 Zack Snyder,正义联盟
1,本·阿弗莱克 Ben Affleck,正义联盟
2,亨利·卡维尔 Henry Cavill,正义联盟
3,盖尔·加朵 Gal Gadot,正义联盟
4,杰森·莫玛 Jason Momoa,正义联盟
5,埃兹拉·米勒 Ezra Miller,正义联盟
6,雷·费舍 Ray Fisher,正义联盟
7,艾米·亚当斯 Amy Adams,正义联盟
8,艾梅柏·希尔德 Amber Heard,正义联盟
9,J·K·西蒙斯 J.K. Simmons,正义联盟
10,杰瑞米·艾恩斯 Jeremy Irons,正义联盟
11,比利·克鲁德普 Billy Crudup,正义联盟
12,康妮·尼尔森 Connie Nielsen,正义联盟
13,罗宾·莱特 Robin Wright,正义联盟
14,黛安·莲恩 Diane Lane,正义联盟
15,拉拉·戴卡罗 Lara Decaro,正义联盟
16,萨曼莎·乔 Samantha Jo,正义联盟
17,丽莎·洛文·孔斯利 Lisa Loven Kongsli,正义联盟
18,迈克尔·麦克埃尔哈顿 Michael McElhatton,正义联盟
19,科雷西·克莱门斯 Kiersey Clemons,正义联盟
20,朱利安·路易斯·琼斯 Julian Lewis Jones,正义联盟
21,乔·莫顿 Joe Morton,正义联盟
22,彼特·布洛克 Peter Brooke,正义联盟
23,马克·麦克罗 Marc McClure,正义联盟
24,杰西·艾森伯格 Jesse Eisenberg,正义联盟
25,塞伦·希德 Ciar&amp;#225;n Hinds,正义联盟
0,詹姆斯·古恩 James Gunn,银河护卫队2
1,克里斯·帕拉特 Chris Pratt,银河护卫队2
2,佐伊·索尔达娜 Zoe Saldana,银河护卫队2
3,布莱德利·库珀 Bradley Cooper,银河护卫队2
4,范·迪塞尔 Vin Diesel,银河护卫队2
5,戴夫·巴蒂斯塔 Dave Bautista,银河护卫队2
6,凯伦·吉兰 Karen Gillan,银河护卫队2
7,库尔特·拉塞尔 Kurt Russell,银河护卫队2
8,西恩·古恩 Sean Gunn,银河护卫队2
9,庞·克莱门捷夫 Pom Klementieff,银河护卫队2
10,迈克尔·鲁克 Michael Rooker,银河护卫队2
11,伊丽莎白·德比齐 Elizabeth Debicki,银河护卫队2
12,克里斯·沙利文 Chris Sullivan,银河护卫队2
13,格伦·克洛斯 Glenn Close,银河护卫队2
14,汤米·弗拉纳根 Tommy Flanagan,银河护卫队2
15,西尔维斯特·史泰龙 Sylvester Stallone,银河护卫队2
16,劳拉·哈德克 Laura Haddock,银河护卫队2
17,瓦耶特·奥莱夫 Wyatt Oleff,银河护卫队2
18,阿拉米斯·奈特 Aramis Knight,银河护卫队2
19,斯坦·李 Stan Lee,银河护卫队2
20,罗达·格里菲斯 Rhoda Griffis,银河护卫队2
21,史蒂夫·艾吉 Steve Agee,银河护卫队2
22,迈克尔·罗森巴姆 Michael Rosenbaum,银河护卫队2
23,本·布劳德 Ben Browder,银河护卫队2
24,卢克·库克 Luke Cook,银河护卫队2
25,罗布·赞比 Rob Zombie,银河护卫队2
26,格雷格·亨利 Gregg Henry,银河护卫队2
27,麦莉·赛勒斯 Miley Cyrus,银河护卫队2
0,陆川 Chuan Lu,九层妖塔
1,赵又廷 Mark Chao,九层妖塔
2,姚晨 Chen Yao,九层妖塔
3,凤小岳 Rhydian Vaughan,九层妖塔
4,李晨 Chen Li,九层妖塔
5,唐嫣 Yan Tang,九层妖塔
6,冯粒 Feng Li,九层妖塔
7,王庆祥 Qingxiang Wang,九层妖塔
8,吴军 Jun Wu,九层妖塔
9,王德顺 Deshun Wang,九层妖塔
10,李光洁 Guangjie Li,九层妖塔
11,梦想者电影（北京）有限公司   ,九层妖塔
0,梁乐民 Lok Man Leung,寒战2
1,陆剑青 Kim-ching Luk,寒战2
2,郭富城 Aaron Kwok,寒战2
3,梁家辉 Tony Leung Ka Fai,寒战2
4,杨采妮 Charlie Yeung,寒战2
5,文咏珊 Janice Man,寒战2
6,彭于晏 Eddie Peng,寒战2
7,李治廷 Aarif Lee,寒战2
8,周润发 Yun-Fat Chow,寒战2
9,杨祐宁 Tony Yang,寒战2
10,马伊琍 Yili Ma,寒战2
11,张国柱 Chang Kuo-Chu,寒战2
12,吴樾 Yue Wu,寒战2
13,周笔畅 BiBi Chou,寒战2
0,布拉德·伯德 Brad Bird,碟中谍4
1,汤姆·克鲁斯 Tom Cruise,碟中谍4
2,宝拉·巴顿 Paula Patton,碟中谍4
3,杰瑞米·雷纳 Jeremy Renner,碟中谍4
4,西蒙·佩吉 Simon Pegg,碟中谍4
5,乔什·哈洛威 Josh Holloway,碟中谍4
6,迈克尔·恩奎斯特 Michael Nyqvist,碟中谍4
7,亚尼·卡普 Anil Kapoor,碟中谍4
8,弗拉基米尔·马什科夫 Vladimir Mashkov,碟中谍4
9,蕾雅·赛杜 L&amp;#233;a Seydoux,碟中谍4
10,米歇尔·莫娜汉 Michelle Monaghan,碟中谍4
11,文·瑞姆斯 Ving Rhames,碟中谍4
12,汤姆·威尔金森 Tom Wilkinson,碟中谍4
0,佩顿·里德 Peyton Reed,蚁人
1,保罗·路德 Paul Rudd,蚁人
2,迈克尔·道格拉斯 Michael Douglas,蚁人
3,伊万杰琳·莉莉 Evangeline Lilly,蚁人
4,寇瑞·斯托尔 Corey Stoll,蚁人
5,迈克尔·佩纳 Michael Pena,蚁人
6,大卫·达斯马齐连 David Dastmalchian,蚁人
7,朱迪·格雷尔 Judy Greer,蚁人
8,鲍比·坎纳瓦尔 Bobby Cannavale,蚁人
9,约翰·斯拉特里 John Slattery,蚁人
10,伍德·哈里斯 Wood Harris,蚁人
11,T.I. T.I.,蚁人
12,海莉·阿特维尔 Hayley Atwell,蚁人
13,凡妮莎·罗丝 Vanessa Ross,蚁人
14,马丁·唐文 Martin Donovan,蚁人
15,乔·克里斯特 Joe Chrest,蚁人
16,艾比·莱德·弗特森 Abby Ryder Fortson,蚁人
17,亚伦·萨克斯顿 Aaron Saxton,蚁人
18,史蒂文·韦格 Steven Wiig,蚁人
19,托马斯·达尔比 Thomas Dalby,蚁人
20,詹迪·莫拉 Jordi Moll&amp;#224;,蚁人
21,山姆·梅迪纳 Sam Medina,蚁人
22,沃尔特·哈德里克斯 Walter Hendrix,蚁人
23,格雷戈里·菲尔斯 Gregory Fears,蚁人
24,杰里米·雷·泰勒 Jeremy Ray Taylor,蚁人
25,斯坦·李 Stan Lee,蚁人
26,安东尼·麦凯 Anthony Mackie,蚁人
27,克里斯·埃文斯 Chris Evans,蚁人
28,塞巴斯蒂安·斯坦 Sebastian Stan,蚁人
29,加勒特·莫里斯 Garrett Morris,蚁人
30,约翰尼·帕博顿 Johnny Pemberton,蚁人
31,科雷·唐纳修·方特.. Clay Donahue Fonte..,蚁人
32,鲁本·兰登 Reuben Langdon,蚁人
33,托德·施耐德 Todd Schneider,蚁人
34,汤姆·肯尼 Tom Kenny,蚁人
0,邓超 Chao Deng,分手大师
1,俞白眉 Baimei Yu,分手大师
2,杨幂 Mini Yang,分手大师
3,邓超 Chao Deng,分手大师
4,孙俪 Betty Sun,分手大师
5,梁超 Chao Liang,分手大师
6,柳岩 Ada,分手大师
7,娜扎 NaZha,分手大师
8,吴京 Jing Wu,分手大师
9,谢楠 Nan Xie,分手大师
10,栾元晖 Yuan Hui Luan,分手大师
11,刘园园 Yuanyuan Liu,分手大师
12,纪姿含 Zi Han Ji,分手大师
13,赵曼竹 Manzu Zhao,分手大师
14,秦越 Yue Qin,分手大师
15,韩寒 Han Han,分手大师
16,金星 Xing Jin,分手大师
17,曹可凡 Kefan Cao,分手大师
0,瑞恩·库格勒 Ryan Coogler,黑豹
1,查德维克·博斯曼 Chadwick Boseman,黑豹
2,安迪·瑟金斯 Andy Serkis,黑豹
3,露皮塔·尼永奥 Lupita Nyong&#39;o,黑豹
4,迈克尔·B·乔丹 Michael B. Jordan,黑豹
5,达娜·古瑞拉 Danai Gurira,黑豹
6,丹尼尔·卡卢亚 Daniel Kaluuya,黑豹
7,莱蒂希娅·赖特 Letitia Wright,黑豹
8,安吉拉·贝塞特 Angela Bassett,黑豹
9,马丁·弗瑞曼 Martin Freeman,黑豹
10,福里斯特·惠特克 Forest Whitaker,黑豹
11,弗洛伦斯·卡萨姆巴 Florence Kasumba,黑豹
12,约翰·卡尼 John Kani,黑豹
13,温斯顿·杜克 Winston Duke,黑豹
14,斯特尔林·K·布朗 Sterling K. Brown,黑豹
15,阿特达万·卡尼 Atandwa Kani,黑豹
16,斯坦·李 Stan Lee,黑豹
17,香内特·芮妮·威尔森 Shaunette Ren&amp;#233;e W..,黑豹
18,伊萨赫·德·班克尔 Isaach De Bankol&amp;#233;,黑豹
19,班巴蒂亚·班巴 Bambadjan Bamba,黑豹
20,马克·阿什沃斯 Mark Ashworth,黑豹
21,丹泽尔·惠特克 Denzel Whitaker,黑豹
22,塞巴斯蒂安·斯坦 Sebastian Stan,黑豹
23,艾利克斯·海博特 Alex R. Hibbert,黑豹
0,宋晓飞 XiaoFei Song,情圣
1,董旭 Xu Dong,情圣
2,肖央 Shawn,情圣
3,闫妮 Ni Yan,情圣
4,小沈阳 Xiao Shenyang,情圣
5,乔杉 Qiao Shan,情圣
6,艾伦 Allen Ai,情圣
7,代乐乐 Lele Dai,情圣
8,常远 Yuan Chang,情圣
9,克拉拉 Clara Lee,情圣
10,田雨 Yu Tian,情圣
11,车晓 Xiao Che,情圣
12,邓超 Chao Deng,情圣
13,王迅 Xun Wang,情圣
14,周晓鸥 Xiaoou Zhou,情圣
15,赵英俊 Yingjun Zhao,情圣
16,徐冬冬 Raquel,情圣
0,冯小刚 Xiaogang Feng,唐山大地震
1,徐帆 Fan Xu,唐山大地震
2,张静初 Jingchu Zhang,唐山大地震
3,李晨 Chen Li,唐山大地震
4,陈道明 Daoming Chen,唐山大地震
5,陈瑾 Jin Chen,唐山大地震
6,张国强 Guoqiang Zhang,唐山大地震
7,陆毅 Yi Lu,唐山大地震
8,刘莉莉 Lili Liu,唐山大地震
9,张家骏 Jiajun Zhang,唐山大地震
10,张子枫 Wendy,唐山大地震
11,王子文 Olivia,唐山大地震
12,咏梅 Mei Yong,唐山大地震
13,吕中 Zhong Lv,唐山大地震
14,马秋子 Qiuzi Ma,唐山大地震
15,干露露 Lulu Gan,唐山大地震
16,杨立新 Lixin Yang,唐山大地震
